#ifndef IMAGENES_H
#define IMAGENES_H

#include <Arduino.h>
class Imagenes
{
public:
    static const uint8_t *obtenerImagen(const char *nombre);
    static const uint8_t iniciar_prueba[];
    static const uint8_t agregar_inyector[];
    static const uint8_t ayuda[];
    static const uint8_t modo_manual[];
    static const uint8_t modo_automatico[];
    static const uint8_t atras[];
    static const uint8_t prueba_medir_resistencia[];
    static const uint8_t prueba_fugas[];
    static const uint8_t prueba_medir_clic[];
    static const uint8_t prueba_corriente_activacion[];
    static const uint8_t prueba_tiempo_respuesta[];
    static const uint8_t prueba_flujo[];
    static const uint8_t prueba_temperatura[];
    static const uint8_t resultados[];
    static const uint8_t atrasitoo[];
    static const uint8_t devolver[];
    static const uint8_t VER_CARACT[];
    static const uint8_t SIGUIENTEFUNCIONAMIENTO[];
    static const uint8_t ATRASMENU[];
    static const uint8_t Atrasinyectores[];
    static const uint8_t injagregados[];
    static const uint8_t injdefecto[];
    static const uint8_t agregarborrarinyector[];
    static const uint8_t ATRASAGREGARINYECTOR_INJ[];
    static const uint8_t BORRAR_INJ[];
    static const uint8_t AGREGAR_INJ[];

};

const unsigned char Imagenes::iniciar_prueba[] PROGMEM ={0xfc, 0xff, 0xff, 0xff, 0xff, 0xff, 0xff, 0xff, 0xff, 0xff, 0xff, 0xff, 0xff, 0xff, 0xff, 0xc7,
    0x02, 0x3e, 0x00, 0x00, 0x00, 0x00, 0x00, 0x00, 0x00, 0x00, 0x00, 0x00, 0x00, 0x00, 0x00, 0xc8,
    0x81, 0xc1, 0x00, 0x00, 0x00, 0x00, 0x00, 0x00, 0x00, 0x00, 0x00, 0x00, 0x00, 0x00, 0x00, 0xd0,
    0x61, 0x00, 0x03, 0x00, 0x00, 0x00, 0x00, 0x00, 0x00, 0x00, 0x00, 0x00, 0x00, 0x00, 0x00, 0xd0,
    0x91, 0x03, 0x04, 0x00, 0x00, 0x00, 0x00, 0x00, 0x00, 0x00, 0x00, 0x00, 0x00, 0x00, 0x00, 0xd0,
    0x91, 0x0f, 0x04, 0x00, 0x00, 0x00, 0x00, 0x00, 0x00, 0x00, 0x00, 0x00, 0x00, 0x00, 0x00, 0xd0,
    0x89, 0x1f, 0x08, 0x63, 0xc6, 0xf0, 0x30, 0x3c, 0x3e, 0xe0, 0xe3, 0x63, 0xe6, 0xe7, 0xc3, 0xd3,
    0x89, 0x7f, 0x08, 0x63, 0xc6, 0x98, 0x31, 0x66, 0x66, 0x60, 0x66, 0x66, 0x66, 0x60, 0x66, 0x16,
    0x85, 0xff, 0x10, 0x63, 0xc6, 0x18, 0x30, 0x66, 0x66, 0x60, 0x66, 0x66, 0x66, 0x60, 0x66, 0x96,
    0x85, 0xff, 0x11, 0xe3, 0xc6, 0x18, 0x30, 0x66, 0x66, 0x60, 0x66, 0x66, 0x66, 0x60, 0x66, 0x16,
    0x85, 0xff, 0x13, 0xe3, 0xc7, 0x18, 0x30, 0x66, 0x3e, 0xe0, 0xe3, 0x63, 0xe6, 0xe1, 0x63, 0x96,
    0x85, 0xff, 0x11, 0x63, 0xc7, 0x18, 0x30, 0x7e, 0x1e, 0x60, 0xe0, 0x61, 0x66, 0x60, 0xe6, 0x17,
    0x85, 0xff, 0x10, 0x63, 0xc6, 0x18, 0x30, 0x66, 0x36, 0x60, 0x60, 0x63, 0x66, 0x60, 0x66, 0x96,
    0x89, 0x7f, 0x08, 0x63, 0xc6, 0x98, 0x31, 0x66, 0x66, 0x60, 0x60, 0x66, 0x66, 0x60, 0x66, 0x16,
    0x89, 0x3f, 0x08, 0x63, 0xc6, 0xf0, 0x30, 0x66, 0x66, 0x60, 0x60, 0xc6, 0xe3, 0xe7, 0x63, 0x96,
    0x91, 0x0f, 0x04, 0x00, 0x00, 0x00, 0x00, 0x00, 0x00, 0x00, 0x00, 0x00, 0x00, 0x00, 0x00, 0x10,
    0x91, 0x03, 0x04, 0x00, 0x00, 0x00, 0x00, 0x00, 0x00, 0x00, 0x00, 0x00, 0x00, 0x00, 0x00, 0x90,
    0x61, 0x00, 0x03, 0x00, 0x00, 0x00, 0x00, 0x00, 0x00, 0x00, 0x00, 0x00, 0x00, 0x00, 0x00, 0x10,
    0x82, 0xc1, 0x00, 0x00, 0x00, 0x00, 0x00, 0x00, 0x00, 0x00, 0x00, 0x00, 0x00, 0x00, 0x00, 0x88,
    0xfc, 0xff, 0xff, 0xff, 0xff, 0xff, 0xff, 0xff, 0xff, 0xff, 0xff, 0xff, 0xff, 0xff, 0xff, 0x0f,
    0xfc, 0xff, 0xff, 0xff, 0xff, 0xff, 0xff, 0xff, 0xff, 0xff, 0xff, 0xff, 0xff, 0xff, 0xff, 0x8f,
    0x00, 0x00, 0x00, 0x00, 0x00, 0x00, 0x00, 0x00, 0x00, 0x00, 0x00, 0x00, 0x00, 0x00, 0x00, 0x00,
    0x00, 0x00, 0x00, 0x00, 0x00, 0x00, 0x00, 0x00, 0x00, 0x00, 0x00, 0x00, 0x00, 0x00, 0x00, 0x80,
    0x80, 0x01, 0x00, 0x00, 0x00, 0x00, 0x00, 0x00, 0x00, 0x00, 0x00, 0x00, 0x00, 0x00, 0x00, 0x00,
    0x80, 0x01, 0x00, 0x00, 0x00, 0x00, 0x00, 0x00, 0x00, 0x00, 0x00, 0x00, 0x00, 0x00, 0x00, 0x80,
    0xe0, 0x07, 0x00, 0x80, 0x09, 0x00, 0x00, 0x00, 0x00, 0x00, 0x00, 0x00, 0x00, 0x00, 0x00, 0x00,
    0xe0, 0x07, 0x00, 0x40, 0x06, 0x00, 0x00, 0x00, 0x00, 0x00, 0x00, 0x00, 0x00, 0x00, 0x00, 0x80,
    0x80, 0x01, 0x00, 0x00, 0x00, 0x00, 0x00, 0x00, 0x00, 0x00, 0x00, 0x00, 0x00, 0x00, 0x00, 0x00,
    0x80, 0x31, 0x00, 0x47, 0xc4, 0xf1, 0x10, 0x0f, 0x10, 0x11, 0x88, 0xe3, 0xe3, 0x78, 0x00, 0x80,
    0x00, 0x40, 0x80, 0x48, 0x24, 0x12, 0x11, 0x11, 0x10, 0x11, 0x48, 0x84, 0x10, 0x89, 0x00, 0x00,
    0x78, 0xc0, 0x81, 0x48, 0x24, 0x12, 0x11, 0x11, 0x10, 0x11, 0x48, 0x80, 0x10, 0x89, 0x00, 0x80,
    0xe0, 0xe0, 0x83, 0xc8, 0x24, 0x12, 0x11, 0x11, 0x10, 0x13, 0x48, 0x80, 0x10, 0x89, 0x00, 0x00,
    0xc0, 0xff, 0x83, 0x48, 0x25, 0x12, 0x11, 0x0f, 0x10, 0x15, 0x48, 0x80, 0x10, 0x79, 0x00, 0x80,
    0xc0, 0xff, 0x83, 0x4f, 0xe6, 0x13, 0x11, 0x05, 0x10, 0x19, 0x48, 0x80, 0x10, 0x29, 0x00, 0x00,
    0x80, 0xff, 0x80, 0x48, 0x24, 0x12, 0x11, 0x09, 0x10, 0x11, 0x48, 0x80, 0x10, 0x49, 0x00, 0x80,
    0x40, 0x7e, 0x81, 0x48, 0x24, 0x12, 0x11, 0x11, 0x10, 0x91, 0x48, 0x84, 0x10, 0x89, 0x00, 0x00,
    0xe0, 0x3c, 0x87, 0x48, 0x24, 0xf2, 0x10, 0x11, 0x10, 0x11, 0x87, 0x83, 0xe0, 0x88, 0x00, 0x80,
    0xb0, 0x99, 0x0d, 0x00, 0x00, 0x00, 0x00, 0x00, 0x00, 0x00, 0x00, 0x00, 0x00, 0x00, 0x00, 0x00,
    0x10, 0x81, 0x08, 0x00, 0x00, 0x00, 0x00, 0x00, 0x00, 0x00, 0x00, 0x00, 0x00, 0x00, 0x00, 0x80,
    0xb0, 0x81, 0x0d, 0x00, 0x00, 0x00, 0x00, 0x00, 0x00, 0x00, 0x00, 0x00, 0x00, 0x00, 0x00, 0x00,
    0xe0, 0x00, 0x07, 0x00, 0x00, 0x00, 0x00, 0x00, 0x00, 0x00, 0x00, 0x00, 0x00, 0x00, 0x00, 0x80,
    0x00, 0x00, 0x00, 0x00, 0x00, 0x00, 0x00, 0x00, 0x00, 0x00, 0x00, 0x00, 0x00, 0x00, 0x00, 0x00,
    0x00, 0x00, 0x00, 0x00, 0x00, 0x00, 0x00, 0x00, 0x00, 0x00, 0x00, 0x00, 0x00, 0x00, 0x00, 0x80,
    0x00, 0x00, 0x00, 0x00, 0x00, 0x00, 0x00, 0x00, 0x00, 0x00, 0x00, 0x00, 0x00, 0x00, 0x00, 0x00,
    0x00, 0x00, 0x00, 0x00, 0x00, 0x00, 0x00, 0x00, 0x00, 0x00, 0x00, 0x00, 0x00, 0x00, 0x00, 0x80,
    0x80, 0x03, 0x00, 0x00, 0x00, 0x00, 0x00, 0x00, 0x00, 0x00, 0x00, 0x00, 0x00, 0x00, 0x00, 0x00,
    0x80, 0x07, 0x0c, 0x00, 0x00, 0x00, 0x00, 0x00, 0x00, 0x00, 0x00, 0x00, 0x00, 0x00, 0x00, 0x80,
    0x00, 0x0f, 0x0e, 0x00, 0x00, 0x00, 0x00, 0x00, 0x00, 0x00, 0x00, 0x00, 0x00, 0x00, 0x00, 0x00,
    0x30, 0x0f, 0x07, 0x00, 0x00, 0x00, 0x00, 0x00, 0x00, 0x00, 0x00, 0x00, 0x00, 0x00, 0x00, 0x80,
    0xf0, 0x8f, 0x03, 0x8e, 0x48, 0xe4, 0xe1, 0x00, 0x00, 0x00, 0x00, 0x00, 0x00, 0x00, 0x00, 0x00,
    0xf0, 0xcf, 0x01, 0x91, 0x48, 0x24, 0x12, 0x01, 0x00, 0x00, 0x00, 0x00, 0x00, 0x00, 0x00, 0x80,
    0xe0, 0xdf, 0x00, 0x91, 0x48, 0x24, 0x12, 0x01, 0x00, 0x00, 0x00, 0x00, 0x00, 0x00, 0x00, 0x00,
    0xc0, 0x3f, 0x00, 0x11, 0x45, 0x24, 0x12, 0x01, 0x00, 0x00, 0x00, 0x00, 0x00, 0x00, 0x00, 0x80,
    0x00, 0x7c, 0x00, 0x11, 0x42, 0x24, 0x12, 0x01, 0x00, 0x00, 0x00, 0x00, 0x00, 0x00, 0x00, 0x00,
    0x00, 0xfb, 0x07, 0x1f, 0x42, 0x24, 0xf2, 0x01, 0x00, 0x00, 0x00, 0x00, 0x00, 0x00, 0x00, 0x80,
    0x80, 0xf7, 0x0f, 0x11, 0x42, 0x24, 0x12, 0x01, 0x00, 0x00, 0x00, 0x00, 0x00, 0x00, 0x00, 0x00,
    0xc0, 0xef, 0x1f, 0x11, 0x42, 0x24, 0x12, 0x01, 0x00, 0x00, 0x00, 0x00, 0x00, 0x00, 0x00, 0x80,
    0xe0, 0xef, 0x1f, 0x11, 0x82, 0xe3, 0x11, 0x01, 0x00, 0x00, 0x00, 0x00, 0x00, 0x00, 0x00, 0x00,
    0xf0, 0xe7, 0x19, 0x00, 0x00, 0x00, 0x00, 0x00, 0x00, 0x00, 0x00, 0x00, 0x00, 0x00, 0x00, 0x80,
    0xb0, 0xe3, 0x01, 0x00, 0x00, 0x00, 0x00, 0x00, 0x00, 0x00, 0x00, 0x00, 0x00, 0x00, 0x00, 0x00,
    0xf0, 0xc1, 0x03, 0x00, 0x00, 0x00, 0x00, 0x00, 0x00, 0x00, 0x00, 0x00, 0x00, 0x00, 0x00, 0x80,
    0xe0, 0x80, 0x03, 0x00, 0x00, 0x00, 0x00, 0x00, 0x00, 0x00, 0x00, 0x00, 0x00, 0x00, 0x00, 0x00,
    0x00, 0x00, 0x00, 0x00, 0x00, 0x00, 0x00, 0x00, 0x00, 0x00, 0x00, 0x00, 0x00, 0x00, 0x00, 0x80,
    0x00, 0x00, 0x00, 0x00, 0x00, 0x00, 0x00, 0x00, 0x00, 0x00, 0x00, 0x00, 0x00, 0x00, 0x00, 0x00}; // Aquí irá la imagen para "Iniciar Prueba"

const unsigned char Imagenes::agregar_inyector[] PROGMEM = {0x00, 0x00, 0x00, 0x00, 0x00, 0x00, 0x00, 0x00, 0x00, 0x00, 0x00, 0x00, 0x00, 0x00, 0x00, 0x00,
    0x00, 0x3e, 0x00, 0x00, 0x00, 0x00, 0x00, 0x00, 0x00, 0x00, 0x00, 0x00, 0x00, 0x00, 0x00, 0x80,
    0x80, 0xc1, 0x00, 0x00, 0x00, 0x00, 0x00, 0x00, 0x00, 0x00, 0x00, 0x00, 0x00, 0x00, 0x00, 0x00,
    0x60, 0x00, 0x03, 0x00, 0x00, 0x00, 0x00, 0x00, 0x00, 0x00, 0x00, 0x00, 0x00, 0x00, 0x00, 0x80,
    0x90, 0x03, 0x04, 0x00, 0x00, 0x00, 0x00, 0x00, 0x00, 0x00, 0x00, 0x00, 0x00, 0x00, 0x00, 0x00,
    0x90, 0x0f, 0x04, 0x00, 0x00, 0x00, 0x00, 0x00, 0x00, 0x00, 0x00, 0x00, 0x00, 0x00, 0x00, 0x80,
    0x88, 0x1f, 0x08, 0x11, 0x11, 0x0e, 0xe1, 0x78, 0xc0, 0xe3, 0x11, 0xf9, 0x3c, 0x1c, 0x00, 0x00,
    0x88, 0x7f, 0x08, 0x11, 0x11, 0x11, 0x11, 0x89, 0x40, 0x24, 0x12, 0x09, 0x44, 0x22, 0x00, 0x80,
    0x84, 0xff, 0x10, 0x11, 0x11, 0x01, 0x11, 0x89, 0x40, 0x24, 0x12, 0x09, 0x44, 0x22, 0x00, 0x00,
    0x84, 0xff, 0x11, 0x31, 0x11, 0x01, 0x11, 0x89, 0x40, 0x24, 0x12, 0x09, 0x44, 0x22, 0x00, 0x80,
    0x84, 0xff, 0x13, 0x51, 0x11, 0x01, 0x11, 0x79, 0xc0, 0xe3, 0x11, 0x39, 0x3c, 0x22, 0x00, 0x00,
    0x84, 0xff, 0x11, 0x91, 0x11, 0x01, 0xf1, 0x29, 0x40, 0xa0, 0x10, 0x09, 0x44, 0x3e, 0x00, 0x80,
    0x84, 0xff, 0x10, 0x11, 0x11, 0x01, 0x11, 0x49, 0x40, 0x20, 0x11, 0x09, 0x44, 0x22, 0x00, 0x00,
    0x88, 0x7f, 0x08, 0x11, 0x11, 0x11, 0x11, 0x89, 0x40, 0x20, 0x12, 0x09, 0x44, 0x22, 0x00, 0x80,
    0x88, 0x3f, 0x08, 0x11, 0x11, 0x0e, 0x11, 0x89, 0x40, 0x20, 0xe2, 0xf8, 0x3c, 0x22, 0x00, 0x00,
    0x90, 0x0f, 0x04, 0x00, 0x00, 0x00, 0x00, 0x00, 0x00, 0x00, 0x00, 0x00, 0x00, 0x00, 0x00, 0x80,
    0x90, 0x03, 0x04, 0x00, 0x00, 0x00, 0x00, 0x00, 0x00, 0x00, 0x00, 0x00, 0x00, 0x00, 0x00, 0x00,
    0x60, 0x00, 0x03, 0x00, 0x00, 0x00, 0x00, 0x00, 0x00, 0x00, 0x00, 0x00, 0x00, 0x00, 0x00, 0x80,
    0x80, 0xc1, 0x00, 0x00, 0x00, 0x00, 0x00, 0x00, 0x00, 0x00, 0x00, 0x00, 0x00, 0x00, 0x00, 0x00,
    0x00, 0x3e, 0x00, 0x00, 0x00, 0x00, 0x00, 0x00, 0x00, 0x00, 0x00, 0x00, 0x00, 0x00, 0x00, 0x80,
    0x00, 0x00, 0x00, 0x00, 0x00, 0x00, 0x00, 0x00, 0x00, 0x00, 0x00, 0x00, 0x00, 0x00, 0x00, 0x00,
    0xfc, 0xff, 0xff, 0xff, 0xff, 0xff, 0xff, 0xff, 0xff, 0xff, 0xff, 0xff, 0xff, 0xff, 0xff, 0x87,
    0x02, 0x00, 0x00, 0x00, 0x00, 0x00, 0x00, 0x00, 0x00, 0x00, 0x00, 0x00, 0x00, 0x00, 0x00, 0x08,
    0x81, 0x01, 0x00, 0x00, 0x00, 0x00, 0x00, 0x00, 0x00, 0x00, 0x00, 0x00, 0x00, 0x00, 0x00, 0xd0,
    0x81, 0x01, 0x00, 0x00, 0x00, 0x00, 0x00, 0x00, 0x00, 0x00, 0x00, 0x00, 0x00, 0x00, 0x00, 0xd0,
    0xe1, 0x07, 0x00, 0x00, 0x37, 0x00, 0x00, 0x00, 0x00, 0x00, 0x00, 0x00, 0x00, 0x00, 0x00, 0xd0,
    0xe1, 0x07, 0x00, 0x80, 0x1d, 0x00, 0x00, 0x00, 0x00, 0x00, 0x00, 0x00, 0x00, 0x00, 0x00, 0xd0,
    0x81, 0x01, 0x00, 0x00, 0x00, 0x00, 0x00, 0x00, 0x00, 0x00, 0x00, 0x00, 0x00, 0x00, 0x00, 0xd0,
    0x81, 0x31, 0x00, 0x8f, 0x19, 0x8f, 0x0f, 0xe3, 0x03, 0x8c, 0x19, 0x18, 0x8f, 0x1f, 0x8f, 0xdf,
    0x01, 0x40, 0x80, 0x99, 0x99, 0x99, 0x19, 0x63, 0x06, 0x8c, 0x19, 0x98, 0x19, 0x86, 0x99, 0xd9,
    0x79, 0xc0, 0x81, 0x99, 0x99, 0x99, 0x19, 0x63, 0x06, 0x8c, 0x19, 0x98, 0x01, 0x86, 0x99, 0x19,
    0xe1, 0xe0, 0x83, 0x99, 0x9b, 0x99, 0x19, 0x63, 0x06, 0x8c, 0x1b, 0x98, 0x01, 0x86, 0x99, 0x99,
    0xc1, 0xff, 0x83, 0x99, 0x9f, 0x99, 0x19, 0xe3, 0x03, 0x8c, 0x1f, 0x98, 0x01, 0x86, 0x99, 0x1f,
    0xc1, 0xff, 0x83, 0x9f, 0x9d, 0x9f, 0x19, 0xe3, 0x01, 0x8c, 0x1d, 0x98, 0x01, 0x86, 0x99, 0x97,
    0x81, 0xff, 0x80, 0x99, 0x99, 0x99, 0x19, 0x63, 0x03, 0x8c, 0x19, 0x98, 0x01, 0x86, 0x99, 0x1d,
    0x41, 0x7e, 0x81, 0x99, 0x99, 0x99, 0x19, 0x63, 0x06, 0x8c, 0x99, 0x99, 0x19, 0x86, 0x99, 0x99,
    0xe1, 0x3c, 0x87, 0x99, 0x99, 0x99, 0x0f, 0x63, 0x06, 0x8c, 0x19, 0x0f, 0x0f, 0x06, 0x8f, 0x19,
    0xb1, 0x99, 0x0d, 0x00, 0x00, 0x00, 0x00, 0x00, 0x00, 0x00, 0x00, 0x00, 0x00, 0x00, 0x00, 0x90,
    0x11, 0x81, 0x08, 0x00, 0x00, 0x00, 0x00, 0x00, 0x00, 0x00, 0x00, 0x00, 0x00, 0x00, 0x00, 0x10,
    0xb2, 0x81, 0x0d, 0x00, 0x00, 0x00, 0x00, 0x00, 0x00, 0x00, 0x00, 0x00, 0x00, 0x00, 0x00, 0x88,
    0xfc, 0xff, 0xff, 0xff, 0xff, 0xff, 0xff, 0xff, 0xff, 0xff, 0xff, 0xff, 0xff, 0xff, 0xff, 0x07,
    0xfc, 0xff, 0xff, 0xff, 0xff, 0xff, 0xff, 0xff, 0xff, 0xff, 0xff, 0xff, 0xff, 0xff, 0xff, 0x87,
    0x00, 0x00, 0x00, 0x00, 0x00, 0x00, 0x00, 0x00, 0x00, 0x00, 0x00, 0x00, 0x00, 0x00, 0x00, 0x00,
    0x00, 0x00, 0x00, 0x00, 0x00, 0x00, 0x00, 0x00, 0x00, 0x00, 0x00, 0x00, 0x00, 0x00, 0x00, 0x80,
    0x00, 0x00, 0x00, 0x00, 0x00, 0x00, 0x00, 0x00, 0x00, 0x00, 0x00, 0x00, 0x00, 0x00, 0x00, 0x00,
    0x80, 0x03, 0x00, 0x00, 0x00, 0x00, 0x00, 0x00, 0x00, 0x00, 0x00, 0x00, 0x00, 0x00, 0x00, 0x80,
    0x80, 0x07, 0x1c, 0x00, 0x00, 0x00, 0x00, 0x00, 0x00, 0x00, 0x00, 0x00, 0x00, 0x00, 0x00, 0x00,
    0x00, 0x0f, 0x0e, 0x00, 0x00, 0x00, 0x00, 0x00, 0x00, 0x00, 0x00, 0x00, 0x00, 0x00, 0x00, 0x80,
    0x30, 0x0f, 0x07, 0x00, 0x00, 0x00, 0x00, 0x00, 0x00, 0x00, 0x00, 0x00, 0x00, 0x00, 0x00, 0x00,
    0xf0, 0x8f, 0x03, 0x8e, 0x48, 0xe4, 0xe1, 0x00, 0x00, 0x00, 0x00, 0x00, 0x00, 0x00, 0x00, 0x80,
    0xf0, 0xcf, 0x01, 0x91, 0x48, 0x24, 0x12, 0x01, 0x00, 0x00, 0x00, 0x00, 0x00, 0x00, 0x00, 0x00,
    0xe0, 0xdf, 0x00, 0x91, 0x48, 0x24, 0x12, 0x01, 0x00, 0x00, 0x00, 0x00, 0x00, 0x00, 0x00, 0x80,
    0xc0, 0x3f, 0x00, 0x11, 0x45, 0x24, 0x12, 0x01, 0x00, 0x00, 0x00, 0x00, 0x00, 0x00, 0x00, 0x00,
    0x00, 0x7c, 0x00, 0x11, 0x42, 0x24, 0x12, 0x01, 0x00, 0x00, 0x00, 0x00, 0x00, 0x00, 0x00, 0x80,
    0x00, 0xfb, 0x07, 0x1f, 0x42, 0x24, 0xf2, 0x01, 0x00, 0x00, 0x00, 0x00, 0x00, 0x00, 0x00, 0x00,
    0x80, 0xf7, 0x0f, 0x11, 0x42, 0x24, 0x12, 0x01, 0x00, 0x00, 0x00, 0x00, 0x00, 0x00, 0x00, 0x80,
    0xc0, 0xef, 0x1f, 0x11, 0x42, 0x24, 0x12, 0x01, 0x00, 0x00, 0x00, 0x00, 0x00, 0x00, 0x00, 0x00,
    0xe0, 0xef, 0x1f, 0x11, 0x82, 0xe3, 0x11, 0x01, 0x00, 0x00, 0x00, 0x00, 0x00, 0x00, 0x00, 0x80,
    0xf0, 0xe7, 0x19, 0x00, 0x00, 0x00, 0x00, 0x00, 0x00, 0x00, 0x00, 0x00, 0x00, 0x00, 0x00, 0x00,
    0xb0, 0xe3, 0x01, 0x00, 0x00, 0x00, 0x00, 0x00, 0x00, 0x00, 0x00, 0x00, 0x00, 0x00, 0x00, 0x80,
    0xf0, 0xc1, 0x03, 0x00, 0x00, 0x00, 0x00, 0x00, 0x00, 0x00, 0x00, 0x00, 0x00, 0x00, 0x00, 0x00,
    0xe0, 0x80, 0x03, 0x00, 0x00, 0x00, 0x00, 0x00, 0x00, 0x00, 0x00, 0x00, 0x00, 0x00, 0x00, 0x80,
    0x00, 0x00, 0x00, 0x00, 0x00, 0x00, 0x00, 0x00, 0x00, 0x00, 0x00, 0x00, 0x00, 0x00, 0x00, 0x00,
    0x00, 0x00, 0x00, 0x00, 0x00, 0x00, 0x00, 0x00, 0x00, 0x00, 0x00, 0x00, 0x00, 0x00, 0x00, 0x80}; // Aquí irá la imagen para "Agregar Inyector"
const unsigned char Imagenes::ayuda[] PROGMEM = {0x00, 0x00, 0x00, 0x00, 0x00, 0x00, 0x00, 0x00, 0x00, 0x00, 0x00, 0x00, 0x00, 0x00, 0x00, 0x00,
                                                 0x00, 0x3e, 0x00, 0x00, 0x00, 0x00, 0x00, 0x00, 0x00, 0x00, 0x00, 0x00, 0x00, 0x00, 0x00, 0x80,
                                                 0x80, 0xc1, 0x00, 0x00, 0x00, 0x00, 0x00, 0x00, 0x00, 0x00, 0x00, 0x00, 0x00, 0x00, 0x00, 0x00,
                                                 0x60, 0x00, 0x03, 0x00, 0x00, 0x00, 0x00, 0x00, 0x00, 0x00, 0x00, 0x00, 0x00, 0x00, 0x00, 0x80,
                                                 0x90, 0x03, 0x04, 0x00, 0x00, 0x00, 0x00, 0x00, 0x00, 0x00, 0x00, 0x00, 0x00, 0x00, 0x00, 0x00,
                                                 0x90, 0x0f, 0x04, 0x00, 0x00, 0x00, 0x00, 0x00, 0x00, 0x00, 0x00, 0x00, 0x00, 0x00, 0x00, 0x80,
                                                 0x88, 0x1f, 0x08, 0x11, 0x11, 0x0e, 0xe1, 0x78, 0xc0, 0xe3, 0x11, 0xf9, 0x3c, 0x1c, 0x00, 0x00,
                                                 0x88, 0x7f, 0x08, 0x11, 0x11, 0x11, 0x11, 0x89, 0x40, 0x24, 0x12, 0x09, 0x44, 0x22, 0x00, 0x80,
                                                 0x84, 0xff, 0x10, 0x11, 0x11, 0x01, 0x11, 0x89, 0x40, 0x24, 0x12, 0x09, 0x44, 0x22, 0x00, 0x00,
                                                 0x84, 0xff, 0x11, 0x31, 0x11, 0x01, 0x11, 0x89, 0x40, 0x24, 0x12, 0x09, 0x44, 0x22, 0x00, 0x80,
                                                 0x84, 0xff, 0x13, 0x51, 0x11, 0x01, 0x11, 0x79, 0xc0, 0xe3, 0x11, 0x39, 0x3c, 0x22, 0x00, 0x00,
                                                 0x84, 0xff, 0x11, 0x91, 0x11, 0x01, 0xf1, 0x29, 0x40, 0xa0, 0x10, 0x09, 0x44, 0x3e, 0x00, 0x80,
                                                 0x84, 0xff, 0x10, 0x11, 0x11, 0x01, 0x11, 0x49, 0x40, 0x20, 0x11, 0x09, 0x44, 0x22, 0x00, 0x00,
                                                 0x88, 0x7f, 0x08, 0x11, 0x11, 0x11, 0x11, 0x89, 0x40, 0x20, 0x12, 0x09, 0x44, 0x22, 0x00, 0x80,
                                                 0x88, 0x3f, 0x08, 0x11, 0x11, 0x0e, 0x11, 0x89, 0x40, 0x20, 0xe2, 0xf8, 0x3c, 0x22, 0x00, 0x00,
                                                 0x90, 0x0f, 0x04, 0x00, 0x00, 0x00, 0x00, 0x00, 0x00, 0x00, 0x00, 0x00, 0x00, 0x00, 0x00, 0x80,
                                                 0x90, 0x03, 0x04, 0x00, 0x00, 0x00, 0x00, 0x00, 0x00, 0x00, 0x00, 0x00, 0x00, 0x00, 0x00, 0x00,
                                                 0x60, 0x00, 0x03, 0x00, 0x00, 0x00, 0x00, 0x00, 0x00, 0x00, 0x00, 0x00, 0x00, 0x00, 0x00, 0x80,
                                                 0x80, 0xc1, 0x00, 0x00, 0x00, 0x00, 0x00, 0x00, 0x00, 0x00, 0x00, 0x00, 0x00, 0x00, 0x00, 0x00,
                                                 0x00, 0x3e, 0x00, 0x00, 0x00, 0x00, 0x00, 0x00, 0x00, 0x00, 0x00, 0x00, 0x00, 0x00, 0x00, 0x80,
                                                 0x00, 0x00, 0x00, 0x00, 0x00, 0x00, 0x00, 0x00, 0x00, 0x00, 0x00, 0x00, 0x00, 0x00, 0x00, 0x00,
                                                 0x00, 0x00, 0x00, 0x00, 0x00, 0x00, 0x00, 0x00, 0x00, 0x00, 0x00, 0x00, 0x00, 0x00, 0x00, 0x80,
                                                 0x00, 0x00, 0x00, 0x00, 0x00, 0x00, 0x00, 0x00, 0x00, 0x00, 0x00, 0x00, 0x00, 0x00, 0x00, 0x00,
                                                 0x80, 0x01, 0x00, 0x00, 0x00, 0x00, 0x00, 0x00, 0x00, 0x00, 0x00, 0x00, 0x00, 0x00, 0x00, 0x80,
                                                 0x80, 0x01, 0x00, 0x00, 0x00, 0x00, 0x00, 0x00, 0x00, 0x00, 0x00, 0x00, 0x00, 0x00, 0x00, 0x00,
                                                 0xe0, 0x07, 0x00, 0x80, 0x09, 0x00, 0x00, 0x00, 0x00, 0x00, 0x00, 0x00, 0x00, 0x00, 0x00, 0x80,
                                                 0xe0, 0x07, 0x00, 0x40, 0x06, 0x00, 0x00, 0x00, 0x00, 0x00, 0x00, 0x00, 0x00, 0x00, 0x00, 0x00,
                                                 0x80, 0x01, 0x00, 0x00, 0x00, 0x00, 0x00, 0x00, 0x00, 0x00, 0x00, 0x00, 0x00, 0x00, 0x00, 0x80,
                                                 0x80, 0x31, 0x00, 0x47, 0xc4, 0xf1, 0x10, 0x0f, 0x10, 0x11, 0x88, 0xe3, 0xe3, 0x78, 0x00, 0x00,
                                                 0x00, 0x40, 0x80, 0x48, 0x24, 0x12, 0x11, 0x11, 0x10, 0x11, 0x48, 0x84, 0x10, 0x89, 0x00, 0x80,
                                                 0x78, 0xc0, 0x81, 0x48, 0x24, 0x12, 0x11, 0x11, 0x10, 0x11, 0x48, 0x80, 0x10, 0x89, 0x00, 0x00,
                                                 0xe0, 0xe0, 0x83, 0xc8, 0x24, 0x12, 0x11, 0x11, 0x10, 0x13, 0x48, 0x80, 0x10, 0x89, 0x00, 0x80,
                                                 0xc0, 0xff, 0x83, 0x48, 0x25, 0x12, 0x11, 0x0f, 0x10, 0x15, 0x48, 0x80, 0x10, 0x79, 0x00, 0x00,
                                                 0xc0, 0xff, 0x83, 0x4f, 0xe6, 0x13, 0x11, 0x05, 0x10, 0x19, 0x48, 0x80, 0x10, 0x29, 0x00, 0x80,
                                                 0x80, 0xff, 0x80, 0x48, 0x24, 0x12, 0x11, 0x09, 0x10, 0x11, 0x48, 0x80, 0x10, 0x49, 0x00, 0x00,
                                                 0x40, 0x7e, 0x81, 0x48, 0x24, 0x12, 0x11, 0x11, 0x10, 0x91, 0x48, 0x84, 0x10, 0x89, 0x00, 0x80,
                                                 0xe0, 0x3c, 0x87, 0x48, 0x24, 0xf2, 0x10, 0x11, 0x10, 0x11, 0x87, 0x83, 0xe0, 0x88, 0x00, 0x00,
                                                 0xb0, 0x99, 0x0d, 0x00, 0x00, 0x00, 0x00, 0x00, 0x00, 0x00, 0x00, 0x00, 0x00, 0x00, 0x00, 0x80,
                                                 0x10, 0x81, 0x08, 0x00, 0x00, 0x00, 0x00, 0x00, 0x00, 0x00, 0x00, 0x00, 0x00, 0x00, 0x00, 0x00,
                                                 0xb0, 0x81, 0x0d, 0x00, 0x00, 0x00, 0x00, 0x00, 0x00, 0x00, 0x00, 0x00, 0x00, 0x00, 0x00, 0x80,
                                                 0xe0, 0x00, 0x07, 0x00, 0x00, 0x00, 0x00, 0x00, 0x00, 0x00, 0x00, 0x00, 0x00, 0x00, 0x00, 0x00,
                                                 0x00, 0x01, 0x00, 0x00, 0x00, 0x00, 0x00, 0x00, 0x00, 0x00, 0x00, 0x00, 0x00, 0x00, 0x00, 0x80,
                                                 0x00, 0x00, 0x00, 0x00, 0x00, 0x00, 0x00, 0x00, 0x00, 0x00, 0x00, 0x00, 0x00, 0x00, 0x00, 0x00,
                                                 0xfc, 0xff, 0xff, 0xff, 0xff, 0xff, 0xff, 0xff, 0xff, 0xff, 0xff, 0xff, 0xff, 0xff, 0xff, 0x87,
                                                 0x02, 0x00, 0x00, 0x00, 0x00, 0x00, 0x00, 0x00, 0x00, 0x00, 0x00, 0x00, 0x00, 0x00, 0x00, 0x08,
                                                 0x81, 0x03, 0x00, 0x00, 0x00, 0x00, 0x00, 0x00, 0x00, 0x00, 0x00, 0x00, 0x00, 0x00, 0x00, 0xd0,
                                                 0x81, 0x07, 0x0c, 0x00, 0x00, 0x00, 0x00, 0x00, 0x00, 0x00, 0x00, 0x00, 0x00, 0x00, 0x00, 0xd0,
                                                 0x01, 0x0f, 0x0e, 0x00, 0x00, 0x00, 0x00, 0x00, 0x00, 0x00, 0x00, 0x00, 0x00, 0x00, 0x00, 0xd0,
                                                 0x31, 0x0f, 0x07, 0x00, 0x00, 0x00, 0x00, 0x00, 0x00, 0x00, 0x00, 0x00, 0x00, 0x00, 0x00, 0xd0,
                                                 0xf1, 0x8f, 0x03, 0x1e, 0x33, 0x33, 0x1f, 0x1e, 0x00, 0x00, 0x00, 0x00, 0x00, 0x00, 0x00, 0xd0,
                                                 0xf1, 0xcf, 0x01, 0x33, 0x33, 0x33, 0x33, 0x33, 0x00, 0x00, 0x00, 0x00, 0x00, 0x00, 0x00, 0xd0,
                                                 0xe1, 0xdf, 0x00, 0x33, 0x33, 0x33, 0x33, 0x33, 0x00, 0x00, 0x00, 0x00, 0x00, 0x00, 0x00, 0xd0,
                                                 0xc1, 0x3f, 0x00, 0x33, 0x1e, 0x33, 0x33, 0x33, 0x00, 0x00, 0x00, 0x00, 0x00, 0x00, 0x00, 0x10,
                                                 0x01, 0x7c, 0x00, 0x33, 0x0c, 0x33, 0x33, 0x33, 0x00, 0x00, 0x00, 0x00, 0x00, 0x00, 0x00, 0x90,
                                                 0x01, 0xfb, 0x07, 0x3f, 0x0c, 0x33, 0x33, 0x3f, 0x00, 0x00, 0x00, 0x00, 0x00, 0x00, 0x00, 0x10,
                                                 0x81, 0xf7, 0x0f, 0x33, 0x0c, 0x33, 0x33, 0x33, 0x00, 0x00, 0x00, 0x00, 0x00, 0x00, 0x00, 0x90,
                                                 0xc1, 0xef, 0x1f, 0x33, 0x0c, 0x33, 0x33, 0x33, 0x00, 0x00, 0x00, 0x00, 0x00, 0x00, 0x00, 0x10,
                                                 0xe1, 0xef, 0x1f, 0x33, 0x0c, 0x1e, 0x1f, 0x33, 0x00, 0x00, 0x00, 0x00, 0x00, 0x00, 0x00, 0x90,
                                                 0xf1, 0xe7, 0x19, 0x00, 0x00, 0x00, 0x00, 0x00, 0x00, 0x00, 0x00, 0x00, 0x00, 0x00, 0x00, 0x10,
                                                 0xb1, 0xe3, 0x01, 0x00, 0x00, 0x00, 0x00, 0x00, 0x00, 0x00, 0x00, 0x00, 0x00, 0x00, 0x00, 0x90,
                                                 0xf1, 0xc1, 0x03, 0x00, 0x00, 0x00, 0x00, 0x00, 0x00, 0x00, 0x00, 0x00, 0x00, 0x00, 0x00, 0x10,
                                                 0xe2, 0x80, 0x03, 0x00, 0x00, 0x00, 0x00, 0x00, 0x00, 0x00, 0x00, 0x00, 0x00, 0x00, 0x00, 0x88,
                                                 0xfc, 0xff, 0xff, 0xff, 0xff, 0xff, 0xff, 0xff, 0xff, 0xff, 0xff, 0xff, 0xff, 0xff, 0xff, 0x07,
                                                 0xfc, 0xff, 0xff, 0xff, 0xff, 0xff, 0xff, 0xff, 0xff, 0xff, 0xff, 0xff, 0xff, 0xff, 0xff, 0x87}; // Aquí irá la imagen para "Ayuda"
const unsigned char Imagenes::modo_manual[] PROGMEM = {0x00, 0x00, 0x00, 0x00, 0x00, 0x00, 0x00, 0x00, 0x00, 0x00, 0x00, 0x00, 0x00, 0x00, 0x00, 0x00,
                                                       0xfc, 0xff, 0xff, 0xff, 0xff, 0xff, 0xff, 0xff, 0xff, 0xff, 0xff, 0xff, 0xff, 0xff, 0xff, 0x87,
                                                       0x02, 0x7e, 0x00, 0x00, 0x00, 0x00, 0x00, 0x00, 0x00, 0x00, 0x00, 0x00, 0x00, 0x00, 0x00, 0x08,
                                                       0x81, 0x81, 0x01, 0x00, 0x00, 0x00, 0x00, 0x00, 0x00, 0x00, 0x00, 0x00, 0x00, 0x00, 0x00, 0xd0,
                                                       0x41, 0x00, 0x02, 0x00, 0x00, 0x00, 0x00, 0x00, 0x00, 0x00, 0x00, 0x00, 0x00, 0x00, 0x00, 0xd0,
                                                       0x21, 0x00, 0x04, 0x00, 0x00, 0x00, 0x00, 0x00, 0x00, 0x00, 0x00, 0x00, 0x00, 0x00, 0x00, 0xd0,
                                                       0x11, 0x00, 0x08, 0x00, 0x00, 0x00, 0x00, 0x00, 0x00, 0x00, 0x00, 0x00, 0x00, 0x00, 0x00, 0xd0,
                                                       0x89, 0x99, 0x11, 0xc6, 0x78, 0x7c, 0x78, 0x80, 0x31, 0x1e, 0x33, 0x33, 0x1e, 0x03, 0x00, 0xd0,
                                                       0x89, 0x99, 0x11, 0xc6, 0xcc, 0xcc, 0xcc, 0x80, 0x31, 0x33, 0x33, 0x33, 0x33, 0x03, 0x00, 0xd0,
                                                       0x85, 0x99, 0x21, 0xee, 0xcc, 0xcc, 0xcc, 0x80, 0x3b, 0x33, 0x33, 0x33, 0x33, 0x03, 0x00, 0xd0,
                                                       0x85, 0x99, 0x21, 0xfe, 0xcc, 0xcc, 0xcc, 0x80, 0x3f, 0x33, 0x37, 0x33, 0x33, 0x03, 0x00, 0x10,
                                                       0xc5, 0xff, 0x23, 0xd6, 0xcc, 0xcc, 0xcc, 0x80, 0x35, 0x33, 0x3f, 0x33, 0x33, 0x03, 0x00, 0x90,
                                                       0xc5, 0xff, 0x23, 0xc6, 0xcc, 0xcc, 0xcc, 0x80, 0x31, 0x3f, 0x3b, 0x33, 0x3f, 0x03, 0x00, 0x10,
                                                       0x85, 0x99, 0x21, 0xc6, 0xcc, 0xcc, 0xcc, 0x80, 0x31, 0x33, 0x33, 0x33, 0x33, 0x03, 0x00, 0x90,
                                                       0x85, 0x99, 0x21, 0xc6, 0xcc, 0xcc, 0xcc, 0x80, 0x31, 0x33, 0x33, 0x33, 0x33, 0x03, 0x00, 0x10,
                                                       0x89, 0x99, 0x11, 0xc6, 0x78, 0x7c, 0x78, 0x80, 0x31, 0x33, 0x33, 0x1e, 0x33, 0x3f, 0x00, 0x90,
                                                       0x89, 0x99, 0x11, 0x00, 0x00, 0x00, 0x00, 0x00, 0x00, 0x00, 0x00, 0x00, 0x00, 0x00, 0x00, 0x10,
                                                       0x11, 0x00, 0x08, 0x00, 0x00, 0x00, 0x00, 0x3e, 0x00, 0x00, 0x00, 0x00, 0x00, 0x00, 0x00, 0x90,
                                                       0x21, 0x00, 0x04, 0x00, 0x00, 0x00, 0x00, 0x00, 0x00, 0x00, 0x00, 0x00, 0x00, 0x00, 0x00, 0x10,
                                                       0x42, 0x00, 0x02, 0x00, 0x00, 0x00, 0x00, 0x00, 0x00, 0x00, 0x00, 0x00, 0x00, 0x00, 0x00, 0x88,
                                                       0xfc, 0xff, 0xff, 0xff, 0xff, 0xff, 0xff, 0xff, 0xff, 0xff, 0xff, 0xff, 0xff, 0xff, 0xff, 0x07,
                                                       0xfc, 0xff, 0xff, 0xff, 0xff, 0xff, 0xff, 0xff, 0xff, 0xff, 0xff, 0xff, 0xff, 0xff, 0xff, 0x87,
                                                       0x00, 0x00, 0x00, 0x00, 0x00, 0x00, 0x00, 0x00, 0x00, 0x00, 0x00, 0x00, 0x00, 0x00, 0x00, 0x00,
                                                       0x00, 0x00, 0x00, 0x00, 0x00, 0x00, 0x00, 0x00, 0x00, 0x00, 0x00, 0x00, 0x00, 0x00, 0x00, 0x80,
                                                       0x00, 0x7e, 0x00, 0x00, 0x00, 0x00, 0x00, 0x00, 0x00, 0x00, 0x00, 0x00, 0x00, 0x00, 0x00, 0x00,
                                                       0x80, 0x81, 0x01, 0x00, 0x00, 0x00, 0x00, 0x00, 0x00, 0x00, 0x00, 0x00, 0x00, 0x00, 0x00, 0x80,
                                                       0x40, 0x00, 0x02, 0x00, 0x00, 0x00, 0x00, 0x00, 0x00, 0x00, 0x00, 0x00, 0x00, 0x00, 0x00, 0x00,
                                                       0x20, 0x00, 0x04, 0x00, 0x00, 0x00, 0x00, 0x00, 0x00, 0x00, 0x00, 0x00, 0x00, 0x00, 0x00, 0x80,
                                                       0x10, 0x3c, 0x08, 0x38, 0x22, 0x1f, 0x47, 0x10, 0xc7, 0x47, 0x38, 0x1c, 0x00, 0x00, 0x00, 0x00,
                                                       0x08, 0x7e, 0x10, 0x44, 0x22, 0x84, 0x48, 0x90, 0x08, 0x41, 0x44, 0x22, 0x00, 0x00, 0x00, 0x80,
                                                       0x08, 0xc3, 0x10, 0x44, 0x22, 0x84, 0xc8, 0x98, 0x08, 0x41, 0x04, 0x22, 0x00, 0x00, 0x00, 0x00,
                                                       0x04, 0xc3, 0x20, 0x44, 0x22, 0x84, 0x48, 0x95, 0x08, 0x41, 0x04, 0x22, 0x00, 0x00, 0x00, 0x80,
                                                       0x04, 0xff, 0x20, 0x44, 0x22, 0x84, 0x48, 0x92, 0x08, 0x41, 0x04, 0x22, 0x00, 0x00, 0x00, 0x00,
                                                       0x04, 0xff, 0x20, 0x7c, 0x22, 0x84, 0x48, 0x90, 0x0f, 0x41, 0x04, 0x22, 0x00, 0x00, 0x00, 0x80,
                                                       0x04, 0xc3, 0x20, 0x44, 0x22, 0x84, 0x48, 0x90, 0x08, 0x41, 0x04, 0x22, 0x00, 0x00, 0x00, 0x00,
                                                       0x04, 0xc3, 0x20, 0x44, 0x22, 0x84, 0x48, 0x90, 0x08, 0x41, 0x44, 0x22, 0x00, 0x00, 0x00, 0x80,
                                                       0x04, 0xc3, 0x20, 0x44, 0x1c, 0x04, 0x47, 0x90, 0x08, 0x41, 0x38, 0x1c, 0x00, 0x00, 0x00, 0x00,
                                                       0x08, 0xc3, 0x10, 0x00, 0x00, 0x00, 0x00, 0x00, 0x00, 0x00, 0x00, 0x00, 0x00, 0x00, 0x00, 0x80,
                                                       0x08, 0xc3, 0x10, 0x00, 0x00, 0x00, 0x00, 0x00, 0x00, 0x00, 0x00, 0x00, 0x00, 0x00, 0x00, 0x00,
                                                       0x10, 0xc3, 0x08, 0x00, 0x00, 0x00, 0x00, 0x00, 0x00, 0x00, 0x00, 0x00, 0x00, 0x00, 0x00, 0x80,
                                                       0x20, 0x00, 0x04, 0x00, 0x00, 0x00, 0x00, 0x00, 0x00, 0x00, 0x00, 0x00, 0x00, 0x00, 0x00, 0x00,
                                                       0x40, 0x00, 0x02, 0x00, 0x00, 0x00, 0x00, 0x00, 0x00, 0x00, 0x00, 0x00, 0x00, 0x00, 0x00, 0x80,
                                                       0x80, 0x81, 0x01, 0x00, 0x00, 0x00, 0x00, 0x00, 0x00, 0x00, 0x00, 0x00, 0x00, 0x00, 0x00, 0x00,
                                                       0x00, 0x7e, 0x00, 0x00, 0x00, 0x00, 0x00, 0x00, 0x00, 0x00, 0x00, 0x00, 0x00, 0x00, 0x00, 0x80,
                                                       0x00, 0x7c, 0x00, 0x00, 0x00, 0x00, 0x00, 0x00, 0x00, 0x00, 0x00, 0x00, 0x00, 0x00, 0x00, 0x00,
                                                       0x00, 0x83, 0x01, 0x00, 0x00, 0x00, 0x00, 0x00, 0x00, 0x00, 0x00, 0x00, 0x00, 0x00, 0x00, 0x80,
                                                       0xc0, 0x00, 0x06, 0x00, 0x00, 0x00, 0x00, 0x00, 0x00, 0x00, 0x00, 0x00, 0x00, 0x00, 0x00, 0x00,
                                                       0x20, 0x18, 0x08, 0x00, 0x00, 0x00, 0x00, 0x00, 0x00, 0x00, 0x00, 0x00, 0x00, 0x00, 0x00, 0x80,
                                                       0x20, 0x0c, 0x08, 0x38, 0x3e, 0x0f, 0x87, 0x03, 0x00, 0x00, 0x00, 0x00, 0x00, 0x00, 0x00, 0x00,
                                                       0x10, 0x06, 0x10, 0x44, 0x08, 0x91, 0x48, 0x04, 0x00, 0x00, 0x00, 0x00, 0x00, 0x00, 0x00, 0x80,
                                                       0x10, 0x03, 0x10, 0x44, 0x08, 0x91, 0x48, 0x00, 0x00, 0x00, 0x00, 0x00, 0x00, 0x00, 0x00, 0x00,
                                                       0x88, 0x01, 0x20, 0x44, 0x08, 0x91, 0x48, 0x00, 0x00, 0x00, 0x00, 0x00, 0x00, 0x00, 0x00, 0x80,
                                                       0xc8, 0x00, 0x20, 0x44, 0x08, 0x8f, 0x88, 0x03, 0x00, 0x00, 0x00, 0x00, 0x00, 0x00, 0x00, 0x00,
                                                       0xe8, 0xff, 0x23, 0x7c, 0x08, 0x85, 0x0f, 0x04, 0x00, 0x00, 0x00, 0x00, 0x00, 0x00, 0x00, 0x80,
                                                       0xc8, 0x00, 0x20, 0x44, 0x08, 0x89, 0x08, 0x04, 0x00, 0x00, 0x00, 0x00, 0x00, 0x00, 0x00, 0x00,
                                                       0x88, 0x01, 0x20, 0x44, 0x08, 0x91, 0x48, 0x04, 0x00, 0x00, 0x00, 0x00, 0x00, 0x00, 0x00, 0x80,
                                                       0x10, 0x03, 0x10, 0x44, 0x08, 0x91, 0x88, 0x03, 0x00, 0x00, 0x00, 0x00, 0x00, 0x00, 0x00, 0x00,
                                                       0x10, 0x06, 0x10, 0x00, 0x00, 0x00, 0x00, 0x00, 0x00, 0x00, 0x00, 0x00, 0x00, 0x00, 0x00, 0x80,
                                                       0x20, 0x0c, 0x08, 0x00, 0x00, 0x00, 0x00, 0x00, 0x00, 0x00, 0x00, 0x00, 0x00, 0x00, 0x00, 0x00,
                                                       0x20, 0x18, 0x08, 0x00, 0x00, 0x00, 0x00, 0x00, 0x00, 0x00, 0x00, 0x00, 0x00, 0x00, 0x00, 0x80,
                                                       0xc0, 0x00, 0x06, 0x00, 0x00, 0x00, 0x00, 0x00, 0x00, 0x00, 0x00, 0x00, 0x00, 0x00, 0x00, 0x00,
                                                       0x00, 0x03, 0x01, 0x00, 0x00, 0x00, 0x00, 0x00, 0x00, 0x00, 0x00, 0x00, 0x00, 0x00, 0x00, 0x80,
                                                       0x00, 0x7e, 0x00, 0x00, 0x00, 0x00, 0x00, 0x00, 0x00, 0x00, 0x00, 0x00, 0x00, 0x00, 0x00, 0x00,
                                                       0x00, 0x00, 0x00, 0x00, 0x00, 0x00, 0x00, 0x00, 0x00, 0x00, 0x00, 0x00, 0x00, 0x00, 0x00, 0x80}; // Aquí irá la imagen para "Modo Manual"
const unsigned char Imagenes::modo_automatico[] PROGMEM = {0x00, 0x00, 0x00, 0x00, 0x00, 0x00, 0x00, 0x00, 0x00, 0x00, 0x00, 0x00, 0x00, 0x00, 0x00, 0x00,
                                                           0x00, 0x00, 0x00, 0x00, 0x00, 0x00, 0x00, 0x00, 0x00, 0x00, 0x00, 0x00, 0x00, 0x00, 0x00, 0x80,
                                                           0x00, 0x7e, 0x00, 0x00, 0x00, 0x00, 0x00, 0x00, 0x00, 0x00, 0x00, 0x00, 0x00, 0x00, 0x00, 0x00,
                                                           0x80, 0x81, 0x01, 0x00, 0x00, 0x00, 0x00, 0x00, 0x00, 0x00, 0x00, 0x00, 0x00, 0x00, 0x00, 0x80,
                                                           0x40, 0x00, 0x02, 0x00, 0x00, 0x00, 0x00, 0x00, 0x00, 0x00, 0x00, 0x00, 0x00, 0x00, 0x00, 0x00,
                                                           0x20, 0x00, 0x04, 0x00, 0x00, 0x00, 0x00, 0x00, 0x00, 0x00, 0x00, 0x00, 0x00, 0x00, 0x00, 0x80,
                                                           0x10, 0x00, 0x08, 0x00, 0x00, 0x00, 0x00, 0x00, 0x00, 0x00, 0x00, 0x00, 0x00, 0x00, 0x00, 0x00,
                                                           0x88, 0x99, 0x11, 0x82, 0x38, 0x1e, 0x0e, 0x10, 0xc4, 0x11, 0x89, 0x38, 0x02, 0x00, 0x00, 0x80,
                                                           0x88, 0x99, 0x11, 0x82, 0x44, 0x22, 0x11, 0x10, 0x24, 0x12, 0x89, 0x44, 0x02, 0x00, 0x00, 0x00,
                                                           0x84, 0x99, 0x21, 0xc6, 0x44, 0x22, 0x11, 0x30, 0x26, 0x12, 0x89, 0x44, 0x02, 0x00, 0x00, 0x80,
                                                           0x84, 0x99, 0x21, 0xaa, 0x44, 0x22, 0x11, 0x50, 0x25, 0x32, 0x89, 0x44, 0x02, 0x00, 0x00, 0x00,
                                                           0xc4, 0xff, 0x23, 0x92, 0x44, 0x22, 0x11, 0x90, 0x24, 0x52, 0x89, 0x44, 0x02, 0x00, 0x00, 0x80,
                                                           0xc4, 0xff, 0x23, 0x82, 0x44, 0x22, 0x11, 0x10, 0xe4, 0x93, 0x89, 0x7c, 0x02, 0x00, 0x00, 0x00,
                                                           0x84, 0x99, 0x21, 0x82, 0x44, 0x22, 0x11, 0x10, 0x24, 0x12, 0x89, 0x44, 0x02, 0x00, 0x00, 0x80,
                                                           0x84, 0x99, 0x21, 0x82, 0x44, 0x22, 0x11, 0x10, 0x24, 0x12, 0x89, 0x44, 0x02, 0x00, 0x00, 0x00,
                                                           0x88, 0x99, 0x11, 0x82, 0x38, 0x1e, 0x0e, 0x10, 0x24, 0x12, 0x71, 0x44, 0x3e, 0x00, 0x00, 0x80,
                                                           0x88, 0x99, 0x11, 0x00, 0x00, 0x00, 0x00, 0x00, 0x00, 0x00, 0x00, 0x00, 0x00, 0x00, 0x00, 0x00,
                                                           0x10, 0x00, 0x08, 0x00, 0x00, 0x00, 0xc0, 0x07, 0x00, 0x00, 0x00, 0x00, 0x00, 0x00, 0x00, 0x80,
                                                           0x20, 0x00, 0x04, 0x00, 0x00, 0x00, 0x00, 0x00, 0x00, 0x00, 0x00, 0x00, 0x00, 0x00, 0x00, 0x00,
                                                           0x40, 0x00, 0x02, 0x00, 0x00, 0x00, 0x00, 0x00, 0x00, 0x00, 0x00, 0x00, 0x00, 0x00, 0x00, 0x80,
                                                           0x80, 0x81, 0x01, 0x00, 0x00, 0x00, 0x00, 0x00, 0x00, 0x00, 0x00, 0x00, 0x00, 0x00, 0x00, 0x00,
                                                           0x00, 0x7e, 0x00, 0x00, 0x00, 0x00, 0x00, 0x00, 0x00, 0x00, 0x00, 0x00, 0x00, 0x00, 0x00, 0x80,
                                                           0x00, 0x00, 0x00, 0x00, 0x00, 0x00, 0x00, 0x00, 0x00, 0x00, 0x00, 0x00, 0x00, 0x00, 0x00, 0x00,
                                                           0xfc, 0xff, 0xff, 0xff, 0xff, 0xff, 0xff, 0xff, 0xff, 0xff, 0xff, 0xff, 0xff, 0xff, 0xff, 0x87,
                                                           0x02, 0x7e, 0x00, 0x00, 0x00, 0x00, 0x00, 0x00, 0x00, 0x00, 0x00, 0x00, 0x00, 0x00, 0x00, 0x08,
                                                           0x81, 0x81, 0x01, 0x00, 0x00, 0x00, 0x00, 0x00, 0x00, 0x00, 0x00, 0x00, 0x00, 0x00, 0x00, 0xd0,
                                                           0x41, 0x00, 0x02, 0x00, 0x00, 0x00, 0x00, 0x00, 0x00, 0x00, 0x00, 0x00, 0x00, 0x00, 0x00, 0xd0,
                                                           0x21, 0x00, 0x04, 0x00, 0x00, 0x00, 0x00, 0x00, 0x00, 0x00, 0x00, 0x00, 0x00, 0x00, 0x00, 0xd0,
                                                           0x11, 0x3c, 0x08, 0x78, 0xcc, 0xfc, 0x78, 0x8c, 0xf1, 0xf8, 0x31, 0x3c, 0x3c, 0x00, 0x00, 0xd0,
                                                           0x09, 0x7e, 0x10, 0xcc, 0xcc, 0x30, 0xcc, 0x8c, 0x99, 0x61, 0x30, 0x66, 0x66, 0x00, 0x00, 0xd0,
                                                           0x09, 0xc3, 0x10, 0xcc, 0xcc, 0x30, 0xcc, 0xdc, 0x99, 0x61, 0x30, 0x06, 0x66, 0x00, 0x00, 0xd0,
                                                           0x05, 0xc3, 0x20, 0xcc, 0xcc, 0x30, 0xcc, 0xfc, 0x99, 0x61, 0x30, 0x06, 0x66, 0x00, 0x00, 0xd0,
                                                           0x05, 0xff, 0x20, 0xcc, 0xcc, 0x30, 0xcc, 0xac, 0x99, 0x61, 0x30, 0x06, 0x66, 0x00, 0x00, 0x10,
                                                           0x05, 0xff, 0x20, 0xfc, 0xcc, 0x30, 0xcc, 0x8c, 0xf9, 0x61, 0x30, 0x06, 0x66, 0x00, 0x00, 0x90,
                                                           0x05, 0xc3, 0x20, 0xcc, 0xcc, 0x30, 0xcc, 0x8c, 0x99, 0x61, 0x30, 0x06, 0x66, 0x00, 0x00, 0x10,
                                                           0x05, 0xc3, 0x20, 0xcc, 0xcc, 0x30, 0xcc, 0x8c, 0x99, 0x61, 0x30, 0x66, 0x66, 0x00, 0x00, 0x90,
                                                           0x05, 0xc3, 0x20, 0xcc, 0x78, 0x30, 0x78, 0x8c, 0x99, 0x61, 0x30, 0x3c, 0x3c, 0x00, 0x00, 0x10,
                                                           0x09, 0xc3, 0x10, 0x00, 0x00, 0x00, 0x00, 0x00, 0x00, 0x00, 0x00, 0x00, 0x00, 0x00, 0x00, 0x90,
                                                           0x09, 0xc3, 0x10, 0x00, 0x00, 0x00, 0x00, 0x00, 0x00, 0x00, 0x00, 0x00, 0x00, 0x00, 0x00, 0x10,
                                                           0x11, 0xc3, 0x08, 0x00, 0x00, 0x00, 0x00, 0x00, 0x00, 0x00, 0x00, 0x00, 0x00, 0x00, 0x00, 0x90,
                                                           0x21, 0x00, 0x04, 0x00, 0x00, 0x00, 0x00, 0x00, 0x00, 0x00, 0x00, 0x00, 0x00, 0x00, 0x00, 0x10,
                                                           0x42, 0x00, 0x02, 0x00, 0x00, 0x00, 0x00, 0x00, 0x00, 0x00, 0x00, 0x00, 0x00, 0x00, 0x00, 0x88,
                                                           0xfc, 0xff, 0xff, 0xff, 0xff, 0xff, 0xff, 0xff, 0xff, 0xff, 0xff, 0xff, 0xff, 0xff, 0xff, 0x07,
                                                           0xfc, 0xff, 0xff, 0xff, 0xff, 0xff, 0xff, 0xff, 0xff, 0xff, 0xff, 0xff, 0xff, 0xff, 0xff, 0x87,
                                                           0x00, 0x7c, 0x00, 0x00, 0x00, 0x00, 0x00, 0x00, 0x00, 0x00, 0x00, 0x00, 0x00, 0x00, 0x00, 0x00,
                                                           0x00, 0x83, 0x01, 0x00, 0x00, 0x00, 0x00, 0x00, 0x00, 0x00, 0x00, 0x00, 0x00, 0x00, 0x00, 0x80,
                                                           0xc0, 0x00, 0x06, 0x00, 0x00, 0x00, 0x00, 0x00, 0x00, 0x00, 0x00, 0x00, 0x00, 0x00, 0x00, 0x00,
                                                           0x20, 0x18, 0x08, 0x00, 0x00, 0x00, 0x00, 0x00, 0x00, 0x00, 0x00, 0x00, 0x00, 0x00, 0x00, 0x80,
                                                           0x20, 0x0c, 0x08, 0x38, 0x3e, 0x0f, 0x87, 0x03, 0x00, 0x00, 0x00, 0x00, 0x00, 0x00, 0x00, 0x00,
                                                           0x10, 0x06, 0x10, 0x44, 0x08, 0x91, 0x48, 0x04, 0x00, 0x00, 0x00, 0x00, 0x00, 0x00, 0x00, 0x80,
                                                           0x10, 0x03, 0x10, 0x44, 0x08, 0x91, 0x48, 0x00, 0x00, 0x00, 0x00, 0x00, 0x00, 0x00, 0x00, 0x00,
                                                           0x88, 0x01, 0x20, 0x44, 0x08, 0x91, 0x48, 0x00, 0x00, 0x00, 0x00, 0x00, 0x00, 0x00, 0x00, 0x80,
                                                           0xc8, 0x00, 0x20, 0x44, 0x08, 0x8f, 0x88, 0x03, 0x00, 0x00, 0x00, 0x00, 0x00, 0x00, 0x00, 0x00,
                                                           0xe8, 0xff, 0x23, 0x7c, 0x08, 0x85, 0x0f, 0x04, 0x00, 0x00, 0x00, 0x00, 0x00, 0x00, 0x00, 0x80,
                                                           0xc8, 0x00, 0x20, 0x44, 0x08, 0x89, 0x08, 0x04, 0x00, 0x00, 0x00, 0x00, 0x00, 0x00, 0x00, 0x00,
                                                           0x88, 0x01, 0x20, 0x44, 0x08, 0x91, 0x48, 0x04, 0x00, 0x00, 0x00, 0x00, 0x00, 0x00, 0x00, 0x80,
                                                           0x10, 0x03, 0x10, 0x44, 0x08, 0x91, 0x88, 0x03, 0x00, 0x00, 0x00, 0x00, 0x00, 0x00, 0x00, 0x00,
                                                           0x10, 0x06, 0x10, 0x00, 0x00, 0x00, 0x00, 0x00, 0x00, 0x00, 0x00, 0x00, 0x00, 0x00, 0x00, 0x80,
                                                           0x20, 0x0c, 0x08, 0x00, 0x00, 0x00, 0x00, 0x00, 0x00, 0x00, 0x00, 0x00, 0x00, 0x00, 0x00, 0x00,
                                                           0x20, 0x18, 0x08, 0x00, 0x00, 0x00, 0x00, 0x00, 0x00, 0x00, 0x00, 0x00, 0x00, 0x00, 0x00, 0x80,
                                                           0xc0, 0x00, 0x06, 0x00, 0x00, 0x00, 0x00, 0x00, 0x00, 0x00, 0x00, 0x00, 0x00, 0x00, 0x00, 0x00,
                                                           0x00, 0x83, 0x01, 0x00, 0x00, 0x00, 0x00, 0x00, 0x00, 0x00, 0x00, 0x00, 0x00, 0x00, 0x00, 0x80,
                                                           0x00, 0x7c, 0x00, 0x00, 0x00, 0x00, 0x00, 0x00, 0x00, 0x00, 0x00, 0x00, 0x00, 0x00, 0x00, 0x00,
                                                           0x00, 0x00, 0x00, 0x00, 0x00, 0x00, 0x00, 0x00, 0x00, 0x00, 0x00, 0x00, 0x00, 0x00, 0x00, 0x80}; // Aquí irá la imagen para "Modo Automático"
const unsigned char Imagenes::atras[] PROGMEM = {0x00, 0x00, 0x00, 0x00, 0x00, 0x00, 0x00, 0x00, 0x00, 0x00, 0x00, 0x00, 0x00, 0x00, 0x00, 0x00,
                                                 0x00, 0x00, 0x00, 0x00, 0x00, 0x00, 0x00, 0x00, 0x00, 0x00, 0x00, 0x00, 0x00, 0x00, 0x00, 0x00,
                                                 0x00, 0x7e, 0x00, 0x00, 0x00, 0x00, 0x00, 0x00, 0x00, 0x00, 0x00, 0x00, 0x00, 0x00, 0x00, 0x80,
                                                 0x80, 0x81, 0x01, 0x00, 0x00, 0x00, 0x00, 0x00, 0x00, 0x00, 0x00, 0x00, 0x00, 0x00, 0x00, 0x00,
                                                 0x40, 0x00, 0x02, 0x00, 0x00, 0x00, 0x00, 0x00, 0x00, 0x00, 0x00, 0x00, 0x00, 0x00, 0x00, 0x80,
                                                 0x20, 0x00, 0x04, 0x00, 0x00, 0x00, 0x00, 0x00, 0x00, 0x00, 0x00, 0x00, 0x00, 0x00, 0x00, 0x00,
                                                 0x10, 0x00, 0x08, 0x00, 0x00, 0x00, 0x00, 0x00, 0x00, 0x00, 0x00, 0x00, 0x00, 0x00, 0x00, 0x80,
                                                 0x88, 0x99, 0x11, 0x82, 0x38, 0x1e, 0x0e, 0x10, 0xc4, 0x11, 0x89, 0x38, 0x02, 0x00, 0x00, 0x00,
                                                 0x88, 0x99, 0x11, 0x82, 0x44, 0x22, 0x11, 0x10, 0x24, 0x12, 0x89, 0x44, 0x02, 0x00, 0x00, 0x80,
                                                 0x84, 0x99, 0x21, 0xc6, 0x44, 0x22, 0x11, 0x30, 0x26, 0x12, 0x89, 0x44, 0x02, 0x00, 0x00, 0x00,
                                                 0x84, 0x99, 0x21, 0xaa, 0x44, 0x22, 0x11, 0x50, 0x25, 0x32, 0x89, 0x44, 0x02, 0x00, 0x00, 0x80,
                                                 0xc4, 0xff, 0x23, 0x92, 0x44, 0x22, 0x11, 0x90, 0x24, 0x52, 0x89, 0x44, 0x02, 0x00, 0x00, 0x00,
                                                 0xc4, 0xff, 0x23, 0x82, 0x44, 0x22, 0x11, 0x10, 0xe4, 0x93, 0x89, 0x7c, 0x02, 0x00, 0x00, 0x80,
                                                 0x84, 0x99, 0x21, 0x82, 0x44, 0x22, 0x11, 0x10, 0x24, 0x12, 0x89, 0x44, 0x02, 0x00, 0x00, 0x00,
                                                 0x84, 0x99, 0x21, 0x82, 0x44, 0x22, 0x11, 0x10, 0x24, 0x12, 0x89, 0x44, 0x02, 0x00, 0x00, 0x80,
                                                 0x88, 0x99, 0x11, 0x82, 0x38, 0x1e, 0x0e, 0x10, 0x24, 0x12, 0x71, 0x44, 0x3e, 0x00, 0x00, 0x00,
                                                 0x88, 0x99, 0x11, 0x00, 0x00, 0x00, 0x00, 0x00, 0x00, 0x00, 0x00, 0x00, 0x00, 0x00, 0x00, 0x80,
                                                 0x10, 0x00, 0x08, 0x00, 0x00, 0x00, 0xc0, 0x07, 0x00, 0x00, 0x00, 0x00, 0x00, 0x00, 0x00, 0x00,
                                                 0x20, 0x00, 0x04, 0x00, 0x00, 0x00, 0x00, 0x00, 0x00, 0x00, 0x00, 0x00, 0x00, 0x00, 0x00, 0x80,
                                                 0x40, 0x00, 0x02, 0x00, 0x00, 0x00, 0x00, 0x00, 0x00, 0x00, 0x00, 0x00, 0x00, 0x00, 0x00, 0x00,
                                                 0x80, 0x81, 0x01, 0x00, 0x00, 0x00, 0x00, 0x00, 0x00, 0x00, 0x00, 0x00, 0x00, 0x00, 0x00, 0x80,
                                                 0x00, 0x7e, 0x00, 0x00, 0x00, 0x00, 0x00, 0x00, 0x00, 0x00, 0x00, 0x00, 0x00, 0x00, 0x00, 0x00,
                                                 0x00, 0x00, 0x00, 0x00, 0x00, 0x00, 0x00, 0x00, 0x00, 0x00, 0x00, 0x00, 0x00, 0x00, 0x00, 0x80,
                                                 0x00, 0x00, 0x00, 0x00, 0x00, 0x00, 0x00, 0x00, 0x00, 0x00, 0x00, 0x00, 0x00, 0x00, 0x00, 0x00,
                                                 0x00, 0x7e, 0x00, 0x00, 0x00, 0x00, 0x00, 0x00, 0x00, 0x00, 0x00, 0x00, 0x00, 0x00, 0x00, 0x80,
                                                 0x80, 0x81, 0x01, 0x00, 0x00, 0x00, 0x00, 0x00, 0x00, 0x00, 0x00, 0x00, 0x00, 0x00, 0x00, 0x00,
                                                 0x40, 0x00, 0x02, 0x00, 0x00, 0x00, 0x00, 0x00, 0x00, 0x00, 0x00, 0x00, 0x00, 0x00, 0x00, 0x80,
                                                 0x20, 0x00, 0x04, 0x00, 0x00, 0x00, 0x00, 0x00, 0x00, 0x00, 0x00, 0x00, 0x00, 0x00, 0x00, 0x00,
                                                 0x10, 0x3c, 0x08, 0x38, 0x22, 0x1f, 0x47, 0x10, 0xc7, 0x47, 0x38, 0x1c, 0x00, 0x00, 0x00, 0x80,
                                                 0x08, 0x7e, 0x10, 0x44, 0x22, 0x84, 0x48, 0x90, 0x08, 0x41, 0x44, 0x22, 0x00, 0x00, 0x00, 0x00,
                                                 0x08, 0xc3, 0x10, 0x44, 0x22, 0x84, 0xc8, 0x98, 0x08, 0x41, 0x04, 0x22, 0x00, 0x00, 0x00, 0x80,
                                                 0x04, 0xc3, 0x20, 0x44, 0x22, 0x84, 0x48, 0x95, 0x08, 0x41, 0x04, 0x22, 0x00, 0x00, 0x00, 0x00,
                                                 0x04, 0xff, 0x20, 0x44, 0x22, 0x84, 0x48, 0x92, 0x08, 0x41, 0x04, 0x22, 0x00, 0x00, 0x00, 0x80,
                                                 0x04, 0xff, 0x20, 0x7c, 0x22, 0x84, 0x48, 0x90, 0x0f, 0x41, 0x04, 0x22, 0x00, 0x00, 0x00, 0x00,
                                                 0x04, 0xc3, 0x20, 0x44, 0x22, 0x84, 0x48, 0x90, 0x08, 0x41, 0x04, 0x22, 0x00, 0x00, 0x00, 0x80,
                                                 0x04, 0xc3, 0x20, 0x44, 0x22, 0x84, 0x48, 0x90, 0x08, 0x41, 0x44, 0x22, 0x00, 0x00, 0x00, 0x00,
                                                 0x04, 0xc3, 0x20, 0x44, 0x1c, 0x04, 0x47, 0x90, 0x08, 0x41, 0x38, 0x1c, 0x00, 0x00, 0x00, 0x80,
                                                 0x08, 0xc3, 0x10, 0x00, 0x00, 0x00, 0x00, 0x00, 0x00, 0x00, 0x00, 0x00, 0x00, 0x00, 0x00, 0x00,
                                                 0x08, 0xc3, 0x10, 0x00, 0x00, 0x00, 0x00, 0x00, 0x00, 0x00, 0x00, 0x00, 0x00, 0x00, 0x00, 0x80,
                                                 0x10, 0xc3, 0x08, 0x00, 0x00, 0x00, 0x00, 0x00, 0x00, 0x00, 0x00, 0x00, 0x00, 0x00, 0x00, 0x00,
                                                 0x20, 0x00, 0x04, 0x00, 0x00, 0x00, 0x00, 0x00, 0x00, 0x00, 0x00, 0x00, 0x00, 0x00, 0x00, 0x80,
                                                 0x40, 0x00, 0x02, 0x00, 0x00, 0x00, 0x00, 0x00, 0x00, 0x00, 0x00, 0x00, 0x00, 0x00, 0x00, 0x00,
                                                 0x80, 0x81, 0x01, 0x00, 0x00, 0x00, 0x00, 0x00, 0x00, 0x00, 0x00, 0x00, 0x00, 0x00, 0x00, 0x80,
                                                 0x00, 0x7e, 0x00, 0x00, 0x00, 0x00, 0x00, 0x00, 0x00, 0x00, 0x00, 0x00, 0x00, 0x00, 0x00, 0x00,
                                                 0xfc, 0xff, 0xff, 0xff, 0xff, 0xff, 0xff, 0xff, 0xff, 0xff, 0xff, 0xff, 0xff, 0xff, 0xff, 0x87,
                                                 0x02, 0x83, 0x01, 0x00, 0x00, 0x00, 0x00, 0x00, 0x00, 0x00, 0x00, 0x00, 0x00, 0x00, 0x00, 0x08,
                                                 0xc1, 0x00, 0x06, 0x00, 0x00, 0x00, 0x00, 0x00, 0x00, 0x00, 0x00, 0x00, 0x00, 0x00, 0x00, 0xd0,
                                                 0x21, 0x18, 0x08, 0x00, 0x00, 0x00, 0x00, 0x00, 0x00, 0x00, 0x00, 0x00, 0x00, 0x00, 0x00, 0xd0,
                                                 0x21, 0x0c, 0x08, 0x78, 0xfc, 0x7c, 0x78, 0x78, 0x00, 0x00, 0x00, 0x00, 0x00, 0x00, 0x00, 0xd0,
                                                 0x11, 0x06, 0x10, 0xcc, 0x30, 0xcc, 0xcc, 0xcc, 0x00, 0x00, 0x00, 0x00, 0x00, 0x00, 0x00, 0xd0,
                                                 0x11, 0x03, 0x10, 0xcc, 0x30, 0xcc, 0xcc, 0x0c, 0x00, 0x00, 0x00, 0x00, 0x00, 0x00, 0x00, 0xd0,
                                                 0x89, 0x01, 0x20, 0xcc, 0x30, 0xcc, 0xcc, 0x0c, 0x00, 0x00, 0x00, 0x00, 0x00, 0x00, 0x00, 0xd0,
                                                 0xc9, 0x00, 0x20, 0xcc, 0x30, 0x7c, 0xcc, 0x78, 0x00, 0x00, 0x00, 0x00, 0x00, 0x00, 0x00, 0xd0,
                                                 0xe9, 0xff, 0x23, 0xfc, 0x30, 0x3c, 0xfc, 0xc0, 0x00, 0x00, 0x00, 0x00, 0x00, 0x00, 0x00, 0x10,
                                                 0xc9, 0x00, 0x20, 0xcc, 0x30, 0x6c, 0xcc, 0xc0, 0x00, 0x00, 0x00, 0x00, 0x00, 0x00, 0x00, 0x90,
                                                 0x89, 0x01, 0x20, 0xcc, 0x30, 0xcc, 0xcc, 0xcc, 0x00, 0x00, 0x00, 0x00, 0x00, 0x00, 0x00, 0x10,
                                                 0x11, 0x03, 0x10, 0xcc, 0x30, 0xcc, 0xcc, 0x78, 0x00, 0x00, 0x00, 0x00, 0x00, 0x00, 0x00, 0x90,
                                                 0x11, 0x06, 0x10, 0x00, 0x00, 0x00, 0x00, 0x00, 0x00, 0x00, 0x00, 0x00, 0x00, 0x00, 0x00, 0x10,
                                                 0x21, 0x0c, 0x08, 0x00, 0x00, 0x00, 0x00, 0x00, 0x00, 0x00, 0x00, 0x00, 0x00, 0x00, 0x00, 0x90,
                                                 0x21, 0x18, 0x08, 0x00, 0x00, 0x00, 0x00, 0x00, 0x00, 0x00, 0x00, 0x00, 0x00, 0x00, 0x00, 0x10,
                                                 0xc1, 0x00, 0x06, 0x00, 0x00, 0x00, 0x00, 0x00, 0x00, 0x00, 0x00, 0x00, 0x00, 0x00, 0x00, 0x90,
                                                 0x01, 0x83, 0x01, 0x00, 0x00, 0x00, 0x00, 0x00, 0x00, 0x00, 0x00, 0x00, 0x00, 0x00, 0x00, 0x10,
                                                 0x02, 0x7c, 0x00, 0x00, 0x00, 0x00, 0x00, 0x00, 0x00, 0x00, 0x00, 0x00, 0x00, 0x00, 0x00, 0x88,
                                                 0xfc, 0xff, 0xff, 0xff, 0xff, 0xff, 0xff, 0xff, 0xff, 0xff, 0xff, 0xff, 0xff, 0xff, 0xff, 0x07}; // Aquí irá la imagen para "Atrás"
const unsigned char Imagenes::devolver[] PROGMEM = {0x00, 0x00, 0x00, 0x00, 0x00, 0x00, 0x00, 0x00, 0x00, 0x00, 0x00, 0x00, 0x00, 0x00, 0x00, 0x80,
                                                    0x00, 0x00, 0x00, 0x00, 0x00, 0x00, 0x00, 0x00, 0x00, 0x00, 0x00, 0x00, 0x00, 0x00, 0x00, 0x00,
                                                    0xfc, 0xff, 0xff, 0xff, 0xff, 0xff, 0xff, 0xff, 0xff, 0xff, 0xff, 0xff, 0xff, 0xff, 0xff, 0x87,
                                                    0xc2, 0x60, 0x00, 0x00, 0x00, 0x00, 0x00, 0x00, 0x00, 0x00, 0x00, 0x00, 0x00, 0x00, 0x00, 0x08,
                                                    0x31, 0x80, 0x01, 0x00, 0x00, 0x00, 0x00, 0x00, 0x00, 0x00, 0x00, 0x00, 0x00, 0x00, 0x00, 0xd0,
                                                    0x09, 0x06, 0x02, 0x00, 0x00, 0x00, 0x00, 0x00, 0x00, 0x00, 0x00, 0x00, 0x00, 0x00, 0x00, 0xd0,
                                                    0x09, 0x03, 0x02, 0x00, 0x00, 0x00, 0x00, 0x00, 0x00, 0x00, 0x00, 0x00, 0x00, 0x00, 0x00, 0xd0,
                                                    0x85, 0x01, 0xc4, 0xe3, 0xe7, 0xc3, 0xc3, 0x03, 0x00, 0x00, 0x00, 0x00, 0x00, 0x00, 0x00, 0xd0,
                                                    0xc5, 0x00, 0x64, 0x86, 0x61, 0x66, 0x66, 0x06, 0x00, 0x00, 0x00, 0x00, 0x00, 0x00, 0x00, 0xd0,
                                                    0x63, 0x00, 0x68, 0x86, 0x61, 0x66, 0x66, 0x00, 0x00, 0x00, 0x00, 0x00, 0x00, 0x00, 0x00, 0xd0,
                                                    0x33, 0x00, 0x68, 0x86, 0x61, 0x66, 0x66, 0x00, 0x00, 0x00, 0x00, 0x00, 0x00, 0x00, 0x00, 0xd0,
                                                    0xfb, 0xff, 0x68, 0x86, 0xe1, 0x63, 0xc6, 0x03, 0x00, 0x00, 0x00, 0x00, 0x00, 0x00, 0x00, 0x10,
                                                    0x33, 0x00, 0xe8, 0x87, 0xe1, 0xe1, 0x07, 0x06, 0x00, 0x00, 0x00, 0x00, 0x00, 0x00, 0x00, 0x90,
                                                    0x63, 0x00, 0x68, 0x86, 0x61, 0x63, 0x06, 0x06, 0x00, 0x00, 0x00, 0x00, 0x00, 0x00, 0x00, 0x10,
                                                    0xc5, 0x00, 0x64, 0x86, 0x61, 0x66, 0x66, 0x06, 0x00, 0x00, 0x00, 0x00, 0x00, 0x00, 0x00, 0x90,
                                                    0x85, 0x01, 0x64, 0x86, 0x61, 0x66, 0xc6, 0x03, 0x00, 0x00, 0x00, 0x00, 0x00, 0x00, 0x00, 0x10,
                                                    0x09, 0x03, 0x02, 0x00, 0x00, 0x00, 0x00, 0x00, 0x00, 0x00, 0x00, 0x00, 0x00, 0x00, 0x00, 0x90,
                                                    0x09, 0x06, 0x02, 0x00, 0x00, 0x00, 0x00, 0x00, 0x00, 0x00, 0x00, 0x00, 0x00, 0x00, 0x00, 0x10,
                                                    0x31, 0x80, 0x01, 0x00, 0x00, 0x00, 0x00, 0x00, 0x00, 0x00, 0x00, 0x00, 0x00, 0x00, 0x00, 0x90,
                                                    0xc1, 0x60, 0x00, 0x00, 0x00, 0x00, 0x00, 0x00, 0x00, 0x00, 0x00, 0x00, 0x00, 0x00, 0x00, 0x10,
                                                    0x02, 0x1f, 0x00, 0x00, 0x00, 0x00, 0x00, 0x00, 0x00, 0x00, 0x00, 0x00, 0x00, 0x00, 0x00, 0x88,
                                                    0xfc, 0xff, 0xff, 0xff, 0xff, 0xff, 0xff, 0xff, 0xff, 0xff, 0xff, 0xff, 0xff, 0xff, 0xff, 0x07,
                                                    0xfc, 0xff, 0xff, 0xff, 0xff, 0xff, 0xff, 0xff, 0xff, 0xff, 0xff, 0xff, 0xff, 0xff, 0xff, 0x87,
                                                    0x00, 0x00, 0x00, 0x00, 0x00, 0x00, 0x00, 0x00, 0x00, 0x00, 0x00, 0x00, 0x00, 0x00, 0x00, 0x00,
                                                    0x00, 0x00, 0x00, 0x00, 0x00, 0x00, 0x00, 0x00, 0x00, 0x00, 0x00, 0x00, 0x00, 0x00, 0x00, 0x80,
                                                    0x00, 0x00, 0x00, 0x00, 0x00, 0x00, 0x00, 0x00, 0x00, 0x00, 0x00, 0x00, 0x00, 0x00, 0x00, 0x00,
                                                    0x00, 0x00, 0x00, 0x00, 0x00, 0x00, 0x00, 0x00, 0x00, 0x00, 0x00, 0x00, 0x00, 0x00, 0x00, 0x80,
                                                    0x00, 0x00, 0x00, 0x00, 0x00, 0x00, 0x00, 0x00, 0x00, 0x00, 0x00, 0x00, 0x00, 0x00, 0x00, 0x00,
                                                    0x00, 0x00, 0x00, 0x00, 0x00, 0x00, 0x00, 0x00, 0x00, 0x00, 0x00, 0x00, 0x00, 0x00, 0x00, 0x80,
                                                    0x00, 0x00, 0x00, 0x00, 0x00, 0x00, 0x00, 0x00, 0x00, 0x00, 0x00, 0x00, 0x00, 0x00, 0x00, 0x00,
                                                    0x00, 0x00, 0x00, 0x00, 0x00, 0x00, 0x00, 0x00, 0x00, 0x00, 0x00, 0x00, 0x00, 0x00, 0x00, 0x80,
                                                    0x00, 0x00, 0x00, 0x00, 0x00, 0x00, 0x00, 0x00, 0x00, 0x00, 0x00, 0x00, 0x00, 0x00, 0x00, 0x00,
                                                    0x00, 0x00, 0x00, 0x00, 0x00, 0x00, 0x00, 0x00, 0x00, 0x00, 0x00, 0x00, 0x00, 0x00, 0x00, 0x80,
                                                    0x00, 0x00, 0x00, 0x00, 0x00, 0x00, 0x00, 0x00, 0x00, 0x00, 0x00, 0x00, 0x00, 0x00, 0x00, 0x00,
                                                    0x00, 0x00, 0x00, 0x00, 0x00, 0x00, 0x00, 0x00, 0x00, 0x00, 0x00, 0x00, 0x00, 0x00, 0x00, 0x80,
                                                    0x00, 0x00, 0x00, 0x00, 0x00, 0x00, 0x00, 0x00, 0x00, 0x00, 0x00, 0x00, 0x00, 0x00, 0x00, 0x00,
                                                    0x00, 0x00, 0x00, 0x00, 0x00, 0x00, 0x00, 0x00, 0x00, 0x00, 0x00, 0x00, 0x00, 0x00, 0x00, 0x80,
                                                    0x00, 0x00, 0x00, 0x00, 0x00, 0x00, 0x00, 0x00, 0x00, 0x00, 0x00, 0x00, 0x00, 0x00, 0x00, 0x00,
                                                    0x00, 0x00, 0x00, 0x00, 0x00, 0x00, 0x00, 0x00, 0x00, 0x00, 0x00, 0x00, 0x00, 0x00, 0x00, 0x80,
                                                    0x00, 0x00, 0x00, 0x00, 0x00, 0x00, 0x00, 0x00, 0x00, 0x00, 0x00, 0x00, 0x00, 0x00, 0x00, 0x00,
                                                    0x00, 0x00, 0x00, 0x00, 0x00, 0x00, 0x00, 0x00, 0x00, 0x00, 0x00, 0x00, 0x00, 0x00, 0x00, 0x80,
                                                    0x00, 0x00, 0x00, 0x00, 0x00, 0x00, 0x00, 0x00, 0x00, 0x00, 0x00, 0x00, 0x00, 0x00, 0x00, 0x00,
                                                    0x00, 0x00, 0x00, 0x00, 0x00, 0x00, 0x00, 0x00, 0x00, 0x00, 0x00, 0x00, 0x00, 0x00, 0x00, 0x80,
                                                    0x00, 0x00, 0x00, 0x00, 0x00, 0x00, 0x00, 0x00, 0x00, 0x00, 0x00, 0x00, 0x00, 0x00, 0x00, 0x00,
                                                    0x00, 0x00, 0x00, 0x00, 0x00, 0x00, 0x00, 0x00, 0x00, 0x00, 0x00, 0x00, 0x00, 0x00, 0x00, 0x80,
                                                    0x00, 0x00, 0x00, 0x00, 0x00, 0x00, 0x00, 0x00, 0x00, 0x00, 0x00, 0x00, 0x00, 0x00, 0x00, 0x00,
                                                    0x00, 0x00, 0x00, 0x00, 0x00, 0x00, 0x00, 0x00, 0x00, 0x00, 0x00, 0x00, 0x00, 0x00, 0x00, 0x80,
                                                    0x00, 0x00, 0x00, 0x00, 0x00, 0x00, 0x00, 0x00, 0x00, 0x00, 0x00, 0x00, 0x00, 0x00, 0x00, 0x00,
                                                    0x00, 0x00, 0x00, 0x00, 0x00, 0x00, 0x00, 0x00, 0x00, 0x00, 0x00, 0x00, 0x00, 0x00, 0x00, 0x80,
                                                    0x00, 0x00, 0x00, 0x00, 0x00, 0x00, 0x00, 0x00, 0x00, 0x00, 0x00, 0x00, 0x00, 0x00, 0x00, 0x00,
                                                    0x00, 0x00, 0x00, 0x00, 0x00, 0x00, 0x00, 0x00, 0x00, 0x00, 0x00, 0x00, 0x00, 0x00, 0x00, 0x80,
                                                    0x00, 0x00, 0x00, 0x00, 0x00, 0x00, 0x00, 0x00, 0x00, 0x00, 0x00, 0x00, 0x00, 0x00, 0x00, 0x00,
                                                    0x00, 0x00, 0x00, 0x00, 0x00, 0x00, 0x00, 0x00, 0x00, 0x00, 0x00, 0x00, 0x00, 0x00, 0x00, 0x80,
                                                    0x00, 0x00, 0x00, 0x00, 0x00, 0x00, 0x00, 0x00, 0x00, 0x00, 0x00, 0x00, 0x00, 0x00, 0x00, 0x00,
                                                    0x00, 0x00, 0x00, 0x00, 0x00, 0x00, 0x00, 0x00, 0x00, 0x00, 0x00, 0x00, 0x00, 0x00, 0x00, 0x80,
                                                    0x00, 0x00, 0x00, 0x00, 0x00, 0x00, 0x00, 0x00, 0x00, 0x00, 0x00, 0x00, 0x00, 0x00, 0x00, 0x00,
                                                    0x00, 0x00, 0x00, 0x00, 0x00, 0x00, 0x00, 0x00, 0x00, 0x00, 0x00, 0x00, 0x00, 0x00, 0x00, 0x80,
                                                    0x00, 0x00, 0x00, 0x00, 0x00, 0x00, 0x00, 0x00, 0x00, 0x00, 0x00, 0x00, 0x00, 0x00, 0x00, 0x00,
                                                    0x00, 0x00, 0x00, 0x00, 0x00, 0x00, 0x00, 0x00, 0x00, 0x00, 0x00, 0x00, 0x00, 0x00, 0x00, 0x80,
                                                    0x00, 0x00, 0x00, 0x00, 0x00, 0x00, 0x00, 0x00, 0x00, 0x00, 0x00, 0x00, 0x00, 0x00, 0x00, 0x00,
                                                    0x00, 0x00, 0x00, 0x00, 0x00, 0x00, 0x00, 0x00, 0x00, 0x00, 0x00, 0x00, 0x00, 0x00, 0x00, 0x80,
                                                    0x00, 0x00, 0x00, 0x00, 0x00, 0x00, 0x00, 0x00, 0x00, 0x00, 0x00, 0x00, 0x00, 0x00, 0x00, 0x00,
                                                    0x00, 0x00, 0x00, 0x00, 0x00, 0x00, 0x00, 0x00, 0x00, 0x00, 0x00, 0x00, 0x00, 0x00, 0x00, 0x80,
                                                    0x00, 0x00, 0x00, 0x00, 0x00, 0x00, 0x00, 0x00, 0x00, 0x00, 0x00, 0x00, 0x00, 0x00, 0x00, 0x00}; // Aquí irá la imagen para "Devolver"
const unsigned char Imagenes::VER_CARACT[] PROGMEM = {0x00, 0x00, 0x00, 0x00, 0x00, 0x00, 0x00, 0x00, 0x00, 0x00, 0x00, 0x00, 0x00, 0x00, 0x00, 0x00,
                                                      0x00, 0x00, 0x00, 0x00, 0x00, 0x00, 0x00, 0x00, 0x00, 0x00, 0x00, 0x00, 0x00, 0x00, 0x00, 0x80,
                                                      0x00, 0x3e, 0x00, 0x00, 0x00, 0x00, 0x00, 0x00, 0x00, 0x00, 0x00, 0x00, 0x00, 0x00, 0x00, 0x00,
                                                      0x80, 0xc1, 0x00, 0x00, 0x00, 0x00, 0x00, 0x00, 0x00, 0x00, 0x00, 0x00, 0x00, 0x00, 0x00, 0x80,
                                                      0x60, 0x00, 0x03, 0x00, 0x00, 0x00, 0x00, 0x00, 0x00, 0x00, 0x00, 0x00, 0x00, 0x00, 0x00, 0x00,
                                                      0x90, 0x03, 0x04, 0x00, 0x00, 0x00, 0x00, 0x00, 0x00, 0x00, 0x00, 0x00, 0x00, 0x00, 0x00, 0x80,
                                                      0x90, 0x0f, 0x04, 0x00, 0x00, 0x00, 0x00, 0x00, 0x00, 0x00, 0x00, 0x00, 0x00, 0x00, 0x00, 0x00,
                                                      0x88, 0x1f, 0x08, 0x38, 0x84, 0x23, 0x22, 0x3e, 0x91, 0xcf, 0x07, 0x00, 0x00, 0x00, 0x00, 0x80,
                                                      0x88, 0x7f, 0x08, 0x44, 0x44, 0x24, 0x22, 0x02, 0x11, 0x42, 0x00, 0x00, 0x00, 0x00, 0x00, 0x00,
                                                      0x84, 0xff, 0x10, 0x04, 0x44, 0x20, 0x22, 0x02, 0x11, 0x42, 0x00, 0x00, 0x00, 0x00, 0x00, 0x80,
                                                      0x84, 0xff, 0x11, 0x04, 0x44, 0x20, 0x22, 0x02, 0x13, 0x42, 0x00, 0x00, 0x00, 0x00, 0x00, 0x00,
                                                      0x84, 0xff, 0x13, 0x38, 0x44, 0x26, 0x22, 0x0e, 0x15, 0xc2, 0x01, 0x00, 0x00, 0x00, 0x00, 0x80,
                                                      0x84, 0xff, 0x11, 0x40, 0x44, 0x24, 0x22, 0x02, 0x19, 0x42, 0x00, 0x00, 0x00, 0x00, 0x00, 0x00,
                                                      0x84, 0xff, 0x10, 0x40, 0x44, 0x24, 0x22, 0x02, 0x11, 0x42, 0x00, 0x00, 0x00, 0x00, 0x00, 0x80,
                                                      0x88, 0x7f, 0x08, 0x44, 0x44, 0x24, 0x22, 0x02, 0x11, 0x42, 0x00, 0x00, 0x00, 0x00, 0x00, 0x00,
                                                      0x88, 0x3f, 0x08, 0x38, 0x84, 0xc7, 0x21, 0x3e, 0x11, 0xc2, 0x07, 0x00, 0x00, 0x00, 0x00, 0x80,
                                                      0x90, 0x0f, 0x04, 0x00, 0x00, 0x00, 0x00, 0x00, 0x00, 0x00, 0x00, 0x00, 0x00, 0x00, 0x00, 0x00,
                                                      0x90, 0x03, 0x04, 0x00, 0x00, 0x00, 0x00, 0x00, 0x00, 0x00, 0x00, 0x00, 0x00, 0x00, 0x00, 0x80,
                                                      0x60, 0x00, 0x03, 0x00, 0x00, 0x00, 0x00, 0x00, 0x00, 0x00, 0x00, 0x00, 0x00, 0x00, 0x00, 0x00,
                                                      0x80, 0xc1, 0x00, 0x00, 0x00, 0x00, 0x00, 0x00, 0x00, 0x00, 0x00, 0x00, 0x00, 0x00, 0x00, 0x80,
                                                      0x00, 0x3e, 0x00, 0x00, 0x00, 0x00, 0x00, 0x00, 0x00, 0x00, 0x00, 0x00, 0x00, 0x00, 0x00, 0x00,
                                                      0x00, 0x00, 0x00, 0x00, 0x00, 0x00, 0x00, 0x00, 0x00, 0x00, 0x00, 0x00, 0x00, 0x00, 0x00, 0x80,
                                                      0x00, 0x00, 0x00, 0x00, 0x00, 0x00, 0x00, 0x00, 0x00, 0x00, 0x00, 0x00, 0x00, 0x00, 0x00, 0x00,
                                                      0xfc, 0xff, 0xff, 0xff, 0xff, 0xff, 0xff, 0xff, 0xff, 0xff, 0xff, 0xff, 0xff, 0xff, 0xff, 0x87,
                                                      0x02, 0x00, 0x00, 0x00, 0x00, 0x00, 0x00, 0x00, 0x00, 0x00, 0x00, 0x00, 0x00, 0x00, 0x00, 0x08,
                                                      0xc1, 0x1f, 0x00, 0x00, 0x00, 0x00, 0x00, 0x00, 0x00, 0x00, 0x00, 0x00, 0x00, 0x00, 0x00, 0xd0,
                                                      0x71, 0x60, 0x00, 0x00, 0x00, 0x00, 0x00, 0x00, 0x00, 0x00, 0x00, 0x00, 0x00, 0x00, 0x00, 0xd0,
                                                      0x11, 0x4f, 0x00, 0x00, 0x00, 0x00, 0x00, 0x00, 0x00, 0x00, 0x00, 0x00, 0x00, 0x00, 0x00, 0xd0,
                                                      0x91, 0x5f, 0x00, 0x00, 0x00, 0x00, 0x00, 0x00, 0x00, 0x00, 0x00, 0x00, 0x00, 0x00, 0x00, 0xd0,
                                                      0x89, 0x99, 0x00, 0xcc, 0xfc, 0x7c, 0x00, 0x0f, 0x8f, 0x0f, 0x0f, 0x8f, 0x1f, 0x00, 0x00, 0xd0,
                                                      0x09, 0x98, 0x00, 0xcc, 0x0c, 0xcc, 0x80, 0x99, 0x99, 0x99, 0x99, 0x19, 0x06, 0x00, 0x00, 0xd0,
                                                      0x09, 0x9e, 0x00, 0xcc, 0x0c, 0xcc, 0x80, 0x81, 0x99, 0x99, 0x99, 0x01, 0x06, 0x00, 0x00, 0xd0,
                                                      0x09, 0x86, 0x00, 0xcc, 0x0c, 0xcc, 0x80, 0x81, 0x99, 0x99, 0x99, 0x01, 0x06, 0x00, 0x00, 0x10,
                                                      0x09, 0x86, 0x00, 0xcc, 0x3c, 0x7c, 0x80, 0x81, 0x99, 0x8f, 0x99, 0x01, 0x06, 0x00, 0x00, 0x90,
                                                      0x11, 0x40, 0x00, 0xcc, 0x0c, 0x3c, 0x80, 0x81, 0x9f, 0x87, 0x9f, 0x01, 0x06, 0x00, 0x00, 0x10,
                                                      0x11, 0x66, 0x00, 0xcc, 0x0c, 0x6c, 0x80, 0x81, 0x99, 0x8d, 0x99, 0x01, 0x06, 0x00, 0x00, 0x90,
                                                      0x71, 0xf0, 0x00, 0x78, 0x0c, 0xcc, 0x80, 0x99, 0x99, 0x99, 0x99, 0x19, 0x06, 0x00, 0x00, 0x10,
                                                      0x81, 0xcf, 0x01, 0x30, 0xfc, 0xcc, 0x00, 0x8f, 0x99, 0x99, 0x19, 0x0f, 0x06, 0x00, 0x00, 0x90,
                                                      0x01, 0x80, 0x03, 0x00, 0x00, 0x00, 0x00, 0x00, 0x00, 0x00, 0x00, 0x00, 0x00, 0x00, 0x00, 0x10,
                                                      0x01, 0x00, 0x07, 0x00, 0x00, 0x00, 0x3e, 0x00, 0x00, 0x00, 0x00, 0x00, 0x00, 0x00, 0x00, 0x90,
                                                      0x01, 0x00, 0x0e, 0x00, 0x00, 0x00, 0x00, 0x00, 0x00, 0x00, 0x00, 0x00, 0x00, 0x00, 0x00, 0x10,
                                                      0x02, 0x00, 0x0c, 0x00, 0x00, 0x00, 0x00, 0x00, 0x00, 0x00, 0x00, 0x00, 0x00, 0x00, 0x00, 0x88,
                                                      0xfc, 0xff, 0xff, 0xff, 0xff, 0xff, 0xff, 0xff, 0xff, 0xff, 0xff, 0xff, 0xff, 0xff, 0xff, 0x07,
                                                      0xfc, 0xff, 0xff, 0xff, 0xff, 0xff, 0xff, 0xff, 0xff, 0xff, 0xff, 0xff, 0xff, 0xff, 0xff, 0x87,
                                                      0x00, 0x00, 0x00, 0x00, 0x00, 0x00, 0x00, 0x00, 0x00, 0x00, 0x00, 0x00, 0x00, 0x00, 0x00, 0x00,
                                                      0x00, 0x3e, 0x00, 0x00, 0x00, 0x00, 0x00, 0x00, 0x00, 0x00, 0x00, 0x00, 0x00, 0x00, 0x00, 0x80,
                                                      0x80, 0xc1, 0x00, 0x00, 0x00, 0x00, 0x00, 0x00, 0x00, 0x00, 0x00, 0x00, 0x00, 0x00, 0x00, 0x00,
                                                      0x60, 0x00, 0x03, 0x00, 0x00, 0x00, 0x00, 0x00, 0x00, 0x00, 0x00, 0x00, 0x00, 0x00, 0x00, 0x80,
                                                      0x10, 0x0c, 0x04, 0x00, 0x00, 0x00, 0x00, 0x00, 0x00, 0x00, 0x00, 0x00, 0x00, 0x00, 0x00, 0x00,
                                                      0x10, 0x06, 0x04, 0x00, 0x00, 0x00, 0x00, 0x00, 0x00, 0x00, 0x00, 0x00, 0x00, 0x00, 0x00, 0x80,
                                                      0x08, 0x03, 0x08, 0x70, 0x7c, 0x1e, 0x0e, 0x07, 0x00, 0x00, 0x00, 0x00, 0x00, 0x00, 0x00, 0x00,
                                                      0x88, 0x01, 0x08, 0x88, 0x10, 0x22, 0x91, 0x08, 0x00, 0x00, 0x00, 0x00, 0x00, 0x00, 0x00, 0x80,
                                                      0xc4, 0x00, 0x10, 0x88, 0x10, 0x22, 0x91, 0x00, 0x00, 0x00, 0x00, 0x00, 0x00, 0x00, 0x00, 0x00,
                                                      0x64, 0x00, 0x10, 0x88, 0x10, 0x22, 0x91, 0x00, 0x00, 0x00, 0x00, 0x00, 0x00, 0x00, 0x00, 0x80,
                                                      0xf4, 0xff, 0x11, 0x88, 0x10, 0x1e, 0x11, 0x07, 0x00, 0x00, 0x00, 0x00, 0x00, 0x00, 0x00, 0x00,
                                                      0x64, 0x00, 0x10, 0xf8, 0x10, 0x0a, 0x1f, 0x08, 0x00, 0x00, 0x00, 0x00, 0x00, 0x00, 0x00, 0x80,
                                                      0xc4, 0x00, 0x10, 0x88, 0x10, 0x12, 0x11, 0x08, 0x00, 0x00, 0x00, 0x00, 0x00, 0x00, 0x00, 0x00,
                                                      0x88, 0x01, 0x08, 0x88, 0x10, 0x22, 0x91, 0x08, 0x00, 0x00, 0x00, 0x00, 0x00, 0x00, 0x00, 0x80,
                                                      0x08, 0x03, 0x08, 0x88, 0x10, 0x22, 0x11, 0x07, 0x00, 0x00, 0x00, 0x00, 0x00, 0x00, 0x00, 0x00,
                                                      0x10, 0x06, 0x04, 0x00, 0x00, 0x00, 0x00, 0x00, 0x00, 0x00, 0x00, 0x00, 0x00, 0x00, 0x00, 0x80,
                                                      0x10, 0x0c, 0x04, 0x00, 0x00, 0x00, 0x00, 0x00, 0x00, 0x00, 0x00, 0x00, 0x00, 0x00, 0x00, 0x00,
                                                      0x60, 0x00, 0x03, 0x00, 0x00, 0x00, 0x00, 0x00, 0x00, 0x00, 0x00, 0x00, 0x00, 0x00, 0x00, 0x80,
                                                      0x80, 0xff, 0x00, 0x00, 0x00, 0x00, 0x00, 0x00, 0x00, 0x00, 0x00, 0x00, 0x00, 0x00, 0x00, 0x00,
                                                      0x00, 0x00, 0x00, 0x00, 0x00, 0x00, 0x00, 0x00, 0x00, 0x00, 0x00, 0x00, 0x00, 0x00, 0x00, 0x80};
const unsigned char Imagenes::SIGUIENTEFUNCIONAMIENTO[] PROGMEM = {0x00, 0x00, 0x00, 0x00, 0x00, 0x00, 0x00, 0x00, 0x00, 0x00, 0x00, 0x00, 0x00, 0x00, 0x00, 0x00,
                                                                   0xfc, 0xff, 0xff, 0xff, 0xff, 0xff, 0xff, 0xff, 0xff, 0xff, 0xff, 0xff, 0xff, 0xff, 0xff, 0x87,
                                                                   0x02, 0x3e, 0x00, 0x00, 0x00, 0x00, 0x00, 0x00, 0x00, 0x00, 0x00, 0x00, 0x00, 0x00, 0x00, 0x08,
                                                                   0x81, 0xc1, 0x00, 0x00, 0x00, 0x00, 0x00, 0x00, 0x00, 0x00, 0x00, 0x00, 0x00, 0x00, 0x00, 0xd0,
                                                                   0x61, 0x00, 0x03, 0x00, 0x00, 0x00, 0x00, 0x00, 0x00, 0x00, 0x00, 0x00, 0x00, 0x00, 0x00, 0xd0,
                                                                   0x91, 0x03, 0x04, 0x00, 0x00, 0x00, 0x00, 0x00, 0x00, 0x00, 0x00, 0x00, 0x00, 0x00, 0x00, 0xd0,
                                                                   0x91, 0x0f, 0x04, 0x00, 0x00, 0x00, 0x00, 0x00, 0x00, 0x00, 0x00, 0x00, 0x00, 0x00, 0x00, 0xd0,
                                                                   0x89, 0x1f, 0x08, 0x78, 0x18, 0x1e, 0x33, 0xc6, 0xcf, 0xcc, 0xcf, 0x0f, 0x00, 0x00, 0x00, 0xd0,
                                                                   0x89, 0x7f, 0x08, 0xcc, 0x18, 0x33, 0x33, 0xc6, 0xc0, 0x0c, 0xc3, 0x00, 0x00, 0x00, 0x00, 0xd0,
                                                                   0x85, 0xff, 0x10, 0x0c, 0x18, 0x03, 0x33, 0xc6, 0xc0, 0x0c, 0xc3, 0x00, 0x00, 0x00, 0x00, 0xd0,
                                                                   0x85, 0xff, 0x11, 0x0c, 0x18, 0x03, 0x33, 0xc6, 0xc0, 0x0d, 0xc3, 0x00, 0x00, 0x00, 0x00, 0x10,
                                                                   0x85, 0xff, 0x13, 0x78, 0x18, 0x3b, 0x33, 0xc6, 0xc3, 0x0f, 0xc3, 0x03, 0x00, 0x00, 0x00, 0x90,
                                                                   0x85, 0xff, 0x11, 0xc0, 0x18, 0x33, 0x33, 0xc6, 0xc0, 0x0e, 0xc3, 0x00, 0x00, 0x00, 0x00, 0x10,
                                                                   0x85, 0xff, 0x10, 0xc0, 0x18, 0x33, 0x33, 0xc6, 0xc0, 0x0c, 0xc3, 0x00, 0x00, 0x00, 0x00, 0x90,
                                                                   0x89, 0x7f, 0x08, 0xcc, 0x18, 0x33, 0x33, 0xc6, 0xc0, 0x0c, 0xc3, 0x00, 0x00, 0x00, 0x00, 0x10,
                                                                   0x89, 0x3f, 0x08, 0x78, 0x18, 0x3e, 0x1e, 0xc6, 0xcf, 0x0c, 0xc3, 0x0f, 0x00, 0x00, 0x00, 0x90,
                                                                   0x91, 0x0f, 0x04, 0x00, 0x00, 0x00, 0x00, 0x00, 0x00, 0x00, 0x00, 0x00, 0x00, 0x00, 0x00, 0x10,
                                                                   0x91, 0x03, 0x04, 0x00, 0x00, 0x00, 0x00, 0x00, 0x00, 0x00, 0x00, 0x00, 0x00, 0x00, 0x00, 0x90,
                                                                   0x61, 0x00, 0x03, 0x00, 0x00, 0x00, 0x00, 0x00, 0x00, 0x00, 0x00, 0x00, 0x00, 0x00, 0x00, 0x10,
                                                                   0x82, 0xc1, 0x00, 0x00, 0x00, 0x00, 0x00, 0x00, 0x00, 0x00, 0x00, 0x00, 0x00, 0x00, 0x00, 0x88,
                                                                   0xfc, 0xff, 0xff, 0xff, 0xff, 0xff, 0xff, 0xff, 0xff, 0xff, 0xff, 0xff, 0xff, 0xff, 0xff, 0x07,
                                                                   0xfc, 0xff, 0xff, 0xff, 0xff, 0xff, 0xff, 0xff, 0xff, 0xff, 0xff, 0xff, 0xff, 0xff, 0xff, 0x87,
                                                                   0x00, 0x00, 0x00, 0x00, 0x00, 0x00, 0x00, 0x00, 0x00, 0x00, 0x00, 0x00, 0x00, 0x00, 0x00, 0x00,
                                                                   0x00, 0x00, 0x00, 0x00, 0x00, 0x00, 0x00, 0x00, 0x00, 0x00, 0x00, 0x00, 0x00, 0x00, 0x00, 0x80,
                                                                   0x00, 0x00, 0x00, 0x00, 0x00, 0x00, 0x00, 0x00, 0x00, 0x00, 0x00, 0x00, 0x00, 0x00, 0x00, 0x00,
                                                                   0xc0, 0x1f, 0x00, 0x00, 0x00, 0x00, 0x00, 0x00, 0x00, 0x00, 0x00, 0x00, 0x00, 0x00, 0x00, 0x80,
                                                                   0x70, 0x60, 0x00, 0x00, 0x00, 0x00, 0x00, 0x00, 0x00, 0x00, 0x00, 0x00, 0x00, 0x00, 0x00, 0x00,
                                                                   0x10, 0x4f, 0x00, 0x00, 0x00, 0x00, 0x00, 0x00, 0x00, 0x00, 0x00, 0x00, 0x00, 0x00, 0x00, 0x80,
                                                                   0x90, 0x5f, 0x00, 0x00, 0x00, 0x00, 0x00, 0x00, 0x00, 0x00, 0x00, 0x00, 0x00, 0x00, 0x00, 0x00,
                                                                   0x88, 0x99, 0x00, 0x44, 0x3e, 0x0f, 0xe0, 0x70, 0x3c, 0x1c, 0x8e, 0x0f, 0x00, 0x00, 0x00, 0x80,
                                                                   0x08, 0x98, 0x00, 0x44, 0x02, 0x11, 0x10, 0x89, 0x44, 0x22, 0x11, 0x02, 0x00, 0x00, 0x00, 0x00,
                                                                   0x08, 0x9e, 0x00, 0x44, 0x02, 0x11, 0x10, 0x88, 0x44, 0x22, 0x01, 0x02, 0x00, 0x00, 0x00, 0x80,
                                                                   0x08, 0x86, 0x00, 0x44, 0x02, 0x11, 0x10, 0x88, 0x44, 0x22, 0x01, 0x02, 0x00, 0x00, 0x00, 0x00,
                                                                   0x08, 0x86, 0x00, 0x44, 0x0e, 0x0f, 0x10, 0x88, 0x3c, 0x22, 0x01, 0x02, 0x00, 0x00, 0x00, 0x80,
                                                                   0x10, 0x40, 0x00, 0x44, 0x02, 0x05, 0x10, 0xf8, 0x14, 0x3e, 0x01, 0x02, 0x00, 0x00, 0x00, 0x00,
                                                                   0x10, 0x66, 0x00, 0x44, 0x02, 0x09, 0x10, 0x88, 0x24, 0x22, 0x01, 0x02, 0x00, 0x00, 0x00, 0x80,
                                                                   0x70, 0xf0, 0x00, 0x28, 0x02, 0x11, 0x10, 0x89, 0x44, 0x22, 0x11, 0x02, 0x00, 0x00, 0x00, 0x00,
                                                                   0x80, 0xcf, 0x01, 0x10, 0x3e, 0x11, 0xe0, 0x88, 0x44, 0x22, 0x0e, 0x02, 0x00, 0x00, 0x00, 0x80,
                                                                   0x00, 0x80, 0x03, 0x00, 0x00, 0x00, 0x00, 0x00, 0x00, 0x00, 0x00, 0x00, 0x00, 0x00, 0x00, 0x00,
                                                                   0x00, 0x00, 0x07, 0x00, 0x00, 0xc0, 0x07, 0x00, 0x00, 0x00, 0x00, 0x00, 0x00, 0x00, 0x00, 0x80,
                                                                   0x00, 0x00, 0x0e, 0x00, 0x00, 0x00, 0x00, 0x00, 0x00, 0x00, 0x00, 0x00, 0x00, 0x00, 0x00, 0x00,
                                                                   0x00, 0x00, 0x08, 0x00, 0x00, 0x00, 0x00, 0x00, 0x00, 0x00, 0x00, 0x00, 0x00, 0x00, 0x00, 0x80,
                                                                   0x00, 0x00, 0x00, 0x00, 0x00, 0x00, 0x00, 0x00, 0x00, 0x00, 0x00, 0x00, 0x00, 0x00, 0x00, 0x00,
                                                                   0x00, 0x00, 0x00, 0x00, 0x00, 0x00, 0x00, 0x00, 0x00, 0x00, 0x00, 0x00, 0x00, 0x00, 0x00, 0x80,
                                                                   0x00, 0x00, 0x00, 0x00, 0x00, 0x00, 0x00, 0x00, 0x00, 0x00, 0x00, 0x00, 0x00, 0x00, 0x00, 0x00,
                                                                   0x00, 0x3e, 0x00, 0x00, 0x00, 0x00, 0x00, 0x00, 0x00, 0x00, 0x00, 0x00, 0x00, 0x00, 0x00, 0x80,
                                                                   0x80, 0xc1, 0x00, 0x00, 0x00, 0x00, 0x00, 0x00, 0x00, 0x00, 0x00, 0x00, 0x00, 0x00, 0x00, 0x00,
                                                                   0x60, 0x00, 0x03, 0x00, 0x00, 0x00, 0x00, 0x00, 0x00, 0x00, 0x00, 0x00, 0x00, 0x00, 0x00, 0x80,
                                                                   0x10, 0x0c, 0x04, 0x00, 0x00, 0x00, 0x00, 0x00, 0x00, 0x00, 0x00, 0x00, 0x00, 0x00, 0x00, 0x00,
                                                                   0x10, 0x06, 0x04, 0x00, 0x00, 0x00, 0x00, 0x00, 0x00, 0x00, 0x00, 0x00, 0x00, 0x00, 0x00, 0x80,
                                                                   0x08, 0x03, 0x08, 0x70, 0x7c, 0x1e, 0x0e, 0x07, 0x00, 0x00, 0x00, 0x00, 0x00, 0x00, 0x00, 0x00,
                                                                   0x88, 0x01, 0x08, 0x88, 0x10, 0x22, 0x91, 0x08, 0x00, 0x00, 0x00, 0x00, 0x00, 0x00, 0x00, 0x80,
                                                                   0xc4, 0x00, 0x10, 0x88, 0x10, 0x22, 0x91, 0x00, 0x00, 0x00, 0x00, 0x00, 0x00, 0x00, 0x00, 0x00,
                                                                   0x64, 0x00, 0x10, 0x88, 0x10, 0x22, 0x91, 0x00, 0x00, 0x00, 0x00, 0x00, 0x00, 0x00, 0x00, 0x80,
                                                                   0xf4, 0xff, 0x11, 0x88, 0x10, 0x1e, 0x11, 0x07, 0x00, 0x00, 0x00, 0x00, 0x00, 0x00, 0x00, 0x00,
                                                                   0x64, 0x00, 0x10, 0xf8, 0x10, 0x0a, 0x1f, 0x08, 0x00, 0x00, 0x00, 0x00, 0x00, 0x00, 0x00, 0x80,
                                                                   0xc4, 0x00, 0x10, 0x88, 0x10, 0x12, 0x11, 0x08, 0x00, 0x00, 0x00, 0x00, 0x00, 0x00, 0x00, 0x00,
                                                                   0x88, 0x01, 0x08, 0x88, 0x10, 0x22, 0x91, 0x08, 0x00, 0x00, 0x00, 0x00, 0x00, 0x00, 0x00, 0x80,
                                                                   0x08, 0x03, 0x08, 0x88, 0x10, 0x22, 0x11, 0x07, 0x00, 0x00, 0x00, 0x00, 0x00, 0x00, 0x00, 0x00,
                                                                   0x10, 0x06, 0x04, 0x00, 0x00, 0x00, 0x00, 0x00, 0x00, 0x00, 0x00, 0x00, 0x00, 0x00, 0x00, 0x80,
                                                                   0x10, 0x0c, 0x04, 0x00, 0x00, 0x00, 0x00, 0x00, 0x00, 0x00, 0x00, 0x00, 0x00, 0x00, 0x00, 0x00,
                                                                   0x60, 0x00, 0x03, 0x00, 0x00, 0x00, 0x00, 0x00, 0x00, 0x00, 0x00, 0x00, 0x00, 0x00, 0x00, 0x80,
                                                                   0x80, 0xc1, 0x00, 0x00, 0x00, 0x00, 0x00, 0x00, 0x00, 0x00, 0x00, 0x00, 0x00, 0x00, 0x00, 0x00,
                                                                   0x00, 0x3f, 0x00, 0x00, 0x00, 0x00, 0x00, 0x00, 0x00, 0x00, 0x00, 0x00, 0x00, 0x00, 0x00, 0x80};
const unsigned char Imagenes::ATRASMENU[] PROGMEM = {0x00, 0x00, 0x00, 0x00, 0x00, 0x00, 0x00, 0x00, 0x00, 0x00, 0x00, 0x00, 0x00, 0x00, 0x00, 0x00,
                                                     0x00, 0x00, 0x00, 0x00, 0x00, 0x00, 0x00, 0x00, 0x00, 0x00, 0x00, 0x00, 0x00, 0x00, 0x00, 0x00,
                                                     0x00, 0x3e, 0x00, 0x00, 0x00, 0x00, 0x00, 0x00, 0x00, 0x00, 0x00, 0x00, 0x00, 0x00, 0x00, 0x80,
                                                     0x80, 0xc1, 0x00, 0x00, 0x00, 0x00, 0x00, 0x00, 0x00, 0x00, 0x00, 0x00, 0x00, 0x00, 0x00, 0x00,
                                                     0x60, 0x00, 0x03, 0x00, 0x00, 0x00, 0x00, 0x00, 0x00, 0x00, 0x00, 0x00, 0x00, 0x00, 0x00, 0x80,
                                                     0x90, 0x03, 0x04, 0x00, 0x00, 0x00, 0x00, 0x00, 0x00, 0x00, 0x00, 0x00, 0x00, 0x00, 0x00, 0x00,
                                                     0x90, 0x0f, 0x04, 0x00, 0x00, 0x00, 0x00, 0x00, 0x00, 0x00, 0x00, 0x00, 0x00, 0x00, 0x00, 0x80,
                                                     0x88, 0x1f, 0x08, 0x38, 0x84, 0x23, 0x22, 0x3e, 0x91, 0xcf, 0x07, 0x00, 0x00, 0x00, 0x00, 0x00,
                                                     0x88, 0x7f, 0x08, 0x44, 0x44, 0x24, 0x22, 0x02, 0x11, 0x42, 0x00, 0x00, 0x00, 0x00, 0x00, 0x80,
                                                     0x84, 0xff, 0x10, 0x04, 0x44, 0x20, 0x22, 0x02, 0x11, 0x42, 0x00, 0x00, 0x00, 0x00, 0x00, 0x00,
                                                     0x84, 0xff, 0x11, 0x04, 0x44, 0x20, 0x22, 0x02, 0x13, 0x42, 0x00, 0x00, 0x00, 0x00, 0x00, 0x80,
                                                     0x84, 0xff, 0x13, 0x38, 0x44, 0x26, 0x22, 0x0e, 0x15, 0xc2, 0x01, 0x00, 0x00, 0x00, 0x00, 0x00,
                                                     0x84, 0xff, 0x11, 0x40, 0x44, 0x24, 0x22, 0x02, 0x19, 0x42, 0x00, 0x00, 0x00, 0x00, 0x00, 0x80,
                                                     0x84, 0xff, 0x10, 0x40, 0x44, 0x24, 0x22, 0x02, 0x11, 0x42, 0x00, 0x00, 0x00, 0x00, 0x00, 0x00,
                                                     0x88, 0x7f, 0x08, 0x44, 0x44, 0x24, 0x22, 0x02, 0x11, 0x42, 0x00, 0x00, 0x00, 0x00, 0x00, 0x80,
                                                     0x88, 0x3f, 0x08, 0x38, 0x84, 0xc7, 0x21, 0x3e, 0x11, 0xc2, 0x07, 0x00, 0x00, 0x00, 0x00, 0x00,
                                                     0x90, 0x0f, 0x04, 0x00, 0x00, 0x00, 0x00, 0x00, 0x00, 0x00, 0x00, 0x00, 0x00, 0x00, 0x00, 0x80,
                                                     0x90, 0x03, 0x04, 0x00, 0x00, 0x00, 0x00, 0x00, 0x00, 0x00, 0x00, 0x00, 0x00, 0x00, 0x00, 0x00,
                                                     0x60, 0x00, 0x03, 0x00, 0x00, 0x00, 0x00, 0x00, 0x00, 0x00, 0x00, 0x00, 0x00, 0x00, 0x00, 0x80,
                                                     0x80, 0xc1, 0x00, 0x00, 0x00, 0x00, 0x00, 0x00, 0x00, 0x00, 0x00, 0x00, 0x00, 0x00, 0x00, 0x00,
                                                     0x00, 0x3e, 0x00, 0x00, 0x00, 0x00, 0x00, 0x00, 0x00, 0x00, 0x00, 0x00, 0x00, 0x00, 0x00, 0x80,
                                                     0x00, 0x00, 0x00, 0x00, 0x00, 0x00, 0x00, 0x00, 0x00, 0x00, 0x00, 0x00, 0x00, 0x00, 0x00, 0x00,
                                                     0x00, 0x00, 0x00, 0x00, 0x00, 0x00, 0x00, 0x00, 0x00, 0x00, 0x00, 0x00, 0x00, 0x00, 0x00, 0x80,
                                                     0x00, 0x00, 0x00, 0x00, 0x00, 0x00, 0x00, 0x00, 0x00, 0x00, 0x00, 0x00, 0x00, 0x00, 0x00, 0x00,
                                                     0x00, 0x00, 0x00, 0x00, 0x00, 0x00, 0x00, 0x00, 0x00, 0x00, 0x00, 0x00, 0x00, 0x00, 0x00, 0x80,
                                                     0xc0, 0x1f, 0x00, 0x00, 0x00, 0x00, 0x00, 0x00, 0x00, 0x00, 0x00, 0x00, 0x00, 0x00, 0x00, 0x00,
                                                     0x70, 0x60, 0x00, 0x00, 0x00, 0x00, 0x00, 0x00, 0x00, 0x00, 0x00, 0x00, 0x00, 0x00, 0x00, 0x80,
                                                     0x10, 0x4f, 0x00, 0x00, 0x00, 0x00, 0x00, 0x00, 0x00, 0x00, 0x00, 0x00, 0x00, 0x00, 0x00, 0x00,
                                                     0x90, 0x5f, 0x00, 0x00, 0x00, 0x00, 0x00, 0x00, 0x00, 0x00, 0x00, 0x00, 0x00, 0x00, 0x00, 0x80,
                                                     0x88, 0x99, 0x00, 0x44, 0x3e, 0x0f, 0xe0, 0x70, 0x3c, 0x1c, 0x8e, 0x0f, 0x00, 0x00, 0x00, 0x00,
                                                     0x08, 0x98, 0x00, 0x44, 0x02, 0x11, 0x10, 0x89, 0x44, 0x22, 0x11, 0x02, 0x00, 0x00, 0x00, 0x80,
                                                     0x08, 0x9e, 0x00, 0x44, 0x02, 0x11, 0x10, 0x88, 0x44, 0x22, 0x01, 0x02, 0x00, 0x00, 0x00, 0x00,
                                                     0x08, 0x86, 0x00, 0x44, 0x02, 0x11, 0x10, 0x88, 0x44, 0x22, 0x01, 0x02, 0x00, 0x00, 0x00, 0x80,
                                                     0x08, 0x86, 0x00, 0x44, 0x0e, 0x0f, 0x10, 0x88, 0x3c, 0x22, 0x01, 0x02, 0x00, 0x00, 0x00, 0x00,
                                                     0x10, 0x40, 0x00, 0x44, 0x02, 0x05, 0x10, 0xf8, 0x14, 0x3e, 0x01, 0x02, 0x00, 0x00, 0x00, 0x80,
                                                     0x10, 0x66, 0x00, 0x44, 0x02, 0x09, 0x10, 0x88, 0x24, 0x22, 0x01, 0x02, 0x00, 0x00, 0x00, 0x00,
                                                     0x70, 0xf0, 0x00, 0x28, 0x02, 0x11, 0x10, 0x89, 0x44, 0x22, 0x11, 0x02, 0x00, 0x00, 0x00, 0x80,
                                                     0x80, 0xcf, 0x01, 0x10, 0x3e, 0x11, 0xe0, 0x88, 0x44, 0x22, 0x0e, 0x02, 0x00, 0x00, 0x00, 0x00,
                                                     0x00, 0x80, 0x03, 0x00, 0x00, 0x00, 0x00, 0x00, 0x00, 0x00, 0x00, 0x00, 0x00, 0x00, 0x00, 0x80,
                                                     0x00, 0x00, 0x07, 0x00, 0x00, 0xc0, 0x07, 0x00, 0x00, 0x00, 0x00, 0x00, 0x00, 0x00, 0x00, 0x00,
                                                     0x00, 0x00, 0x0e, 0x00, 0x00, 0x00, 0x00, 0x00, 0x00, 0x00, 0x00, 0x00, 0x00, 0x00, 0x00, 0x80,
                                                     0x00, 0x00, 0x0c, 0x00, 0x00, 0x00, 0x00, 0x00, 0x00, 0x00, 0x00, 0x00, 0x00, 0x00, 0x00, 0x00,
                                                     0x00, 0x00, 0x00, 0x00, 0x00, 0x00, 0x00, 0x00, 0x00, 0x00, 0x00, 0x00, 0x00, 0x00, 0x00, 0x80,
                                                     0x00, 0x00, 0x00, 0x00, 0x00, 0x00, 0x00, 0x00, 0x00, 0x00, 0x00, 0x00, 0x00, 0x00, 0x00, 0x00,
                                                     0xfc, 0xff, 0xff, 0xff, 0xff, 0xff, 0xff, 0xff, 0xff, 0xff, 0xff, 0xff, 0xff, 0xff, 0xff, 0x87,
                                                     0x02, 0x3e, 0x00, 0x00, 0x00, 0x00, 0x00, 0x00, 0x00, 0x00, 0x00, 0x00, 0x00, 0x00, 0x00, 0x08,
                                                     0x81, 0xc1, 0x00, 0x00, 0x00, 0x00, 0x00, 0x00, 0x00, 0x00, 0x00, 0x00, 0x00, 0x00, 0x00, 0xd0,
                                                     0x61, 0x00, 0x03, 0x00, 0x00, 0x00, 0x00, 0x00, 0x00, 0x00, 0x00, 0x00, 0x00, 0x00, 0x00, 0xd0,
                                                     0x11, 0x0c, 0x04, 0x00, 0x00, 0x00, 0x00, 0x00, 0x00, 0x00, 0x00, 0x00, 0x00, 0x00, 0x00, 0xd0,
                                                     0x11, 0x06, 0x04, 0x00, 0x00, 0x00, 0x00, 0x00, 0x00, 0x00, 0x00, 0x00, 0x00, 0x00, 0x00, 0xd0,
                                                     0x09, 0x03, 0x08, 0x78, 0xfc, 0x7c, 0x78, 0x78, 0x00, 0x00, 0x00, 0x00, 0x00, 0x00, 0x00, 0xd0,
                                                     0x89, 0x01, 0x08, 0xcc, 0x30, 0xcc, 0xcc, 0xcc, 0x00, 0x00, 0x00, 0x00, 0x00, 0x00, 0x00, 0xd0,
                                                     0xc5, 0x00, 0x10, 0xcc, 0x30, 0xcc, 0xcc, 0x0c, 0x00, 0x00, 0x00, 0x00, 0x00, 0x00, 0x00, 0xd0,
                                                     0x65, 0x00, 0x10, 0xcc, 0x30, 0xcc, 0xcc, 0x0c, 0x00, 0x00, 0x00, 0x00, 0x00, 0x00, 0x00, 0x10,
                                                     0xf5, 0xff, 0x11, 0xcc, 0x30, 0x7c, 0xcc, 0x78, 0x00, 0x00, 0x00, 0x00, 0x00, 0x00, 0x00, 0x90,
                                                     0x65, 0x00, 0x10, 0xfc, 0x30, 0x3c, 0xfc, 0xc0, 0x00, 0x00, 0x00, 0x00, 0x00, 0x00, 0x00, 0x10,
                                                     0xc5, 0x00, 0x10, 0xcc, 0x30, 0x6c, 0xcc, 0xc0, 0x00, 0x00, 0x00, 0x00, 0x00, 0x00, 0x00, 0x90,
                                                     0x89, 0x01, 0x08, 0xcc, 0x30, 0xcc, 0xcc, 0xcc, 0x00, 0x00, 0x00, 0x00, 0x00, 0x00, 0x00, 0x10,
                                                     0x09, 0x03, 0x08, 0xcc, 0x30, 0xcc, 0xcc, 0x78, 0x00, 0x00, 0x00, 0x00, 0x00, 0x00, 0x00, 0x90,
                                                     0x11, 0x06, 0x04, 0x00, 0x00, 0x00, 0x00, 0x00, 0x00, 0x00, 0x00, 0x00, 0x00, 0x00, 0x00, 0x10,
                                                     0x11, 0x0c, 0x04, 0x00, 0x00, 0x00, 0x00, 0x00, 0x00, 0x00, 0x00, 0x00, 0x00, 0x00, 0x00, 0x90,
                                                     0x61, 0x00, 0x03, 0x00, 0x00, 0x00, 0x00, 0x00, 0x00, 0x00, 0x00, 0x00, 0x00, 0x00, 0x00, 0x10,
                                                     0x82, 0xc1, 0x00, 0x00, 0x00, 0x00, 0x00, 0x00, 0x00, 0x00, 0x00, 0x00, 0x00, 0x00, 0x00, 0x88,
                                                     0xfc, 0xff, 0xff, 0xff, 0xff, 0xff, 0xff, 0xff, 0xff, 0xff, 0xff, 0xff, 0xff, 0xff, 0xff, 0x07};
const unsigned char Imagenes::Atrasinyectores[] PROGMEM = {0x00, 0x00, 0x00, 0x00, 0x00, 0x00, 0x00, 0x00, 0x00, 0x00, 0x00, 0x00, 0x00, 0x00, 0x00, 0x00,
                                                           0x00, 0x00, 0x00, 0x00, 0x00, 0x00, 0x00, 0x00, 0x00, 0x00, 0x00, 0x00, 0x00, 0x00, 0x00, 0x00,
                                                           0x00, 0x00, 0x00, 0x00, 0x00, 0x00, 0x00, 0x00, 0x00, 0x00, 0x00, 0x00, 0x00, 0x00, 0x00, 0x80,
                                                           0x00, 0x7c, 0x00, 0x00, 0x00, 0x00, 0x00, 0x00, 0x00, 0x00, 0x00, 0x00, 0x00, 0x00, 0x00, 0x00,
                                                           0x00, 0x83, 0x01, 0x00, 0x00, 0x00, 0x00, 0x00, 0x00, 0x00, 0x00, 0x00, 0x00, 0x00, 0x00, 0x80,
                                                           0xc0, 0x00, 0x06, 0x00, 0x00, 0x00, 0x00, 0x00, 0x00, 0x00, 0x00, 0x00, 0x00, 0x00, 0x00, 0x00,
                                                           0x20, 0x3f, 0x08, 0x00, 0x00, 0x00, 0x00, 0x00, 0x00, 0x00, 0x00, 0x00, 0x00, 0x00, 0x00, 0x80,
                                                           0x20, 0xff, 0x08, 0x18, 0x00, 0x30, 0x00, 0x0c, 0x00, 0x07, 0x00, 0x00, 0x00, 0x00, 0x00, 0x00,
                                                           0x10, 0xe3, 0x11, 0x18, 0x00, 0x00, 0x00, 0x0c, 0x80, 0x01, 0x00, 0xc0, 0x00, 0x00, 0x00, 0x80,
                                                           0x10, 0x83, 0x11, 0x18, 0x1f, 0x30, 0x80, 0x8f, 0x87, 0xc1, 0xc3, 0xe3, 0xe3, 0x01, 0x00, 0x00,
                                                           0x08, 0x83, 0x23, 0x18, 0x33, 0x30, 0xc0, 0xcc, 0xcc, 0x67, 0x66, 0xc6, 0x30, 0x03, 0x00, 0x80,
                                                           0x08, 0x83, 0x23, 0x18, 0x33, 0x30, 0xc0, 0xcc, 0x8c, 0x61, 0x66, 0xc0, 0x30, 0x03, 0x00, 0x00,
                                                           0x08, 0x83, 0x23, 0x18, 0x33, 0x30, 0xc0, 0xcc, 0x8f, 0xe1, 0x67, 0xc0, 0x30, 0x03, 0x00, 0x80,
                                                           0x08, 0x83, 0x23, 0x18, 0x33, 0x30, 0xc0, 0xcc, 0x80, 0x61, 0x60, 0xc0, 0x30, 0x03, 0x00, 0x00,
                                                           0x08, 0x83, 0x23, 0x18, 0x33, 0x30, 0xc0, 0xcc, 0x8c, 0x61, 0x66, 0xc6, 0x30, 0x03, 0x00, 0x80,
                                                           0x10, 0x83, 0x13, 0x18, 0x33, 0x30, 0x86, 0x8f, 0x87, 0xc1, 0xc3, 0x83, 0xe3, 0x01, 0x00, 0x00,
                                                           0x10, 0xc3, 0x11, 0x00, 0x00, 0x33, 0x00, 0x00, 0x00, 0x00, 0x00, 0x00, 0x00, 0x00, 0x00, 0x80,
                                                           0x20, 0xff, 0x08, 0x00, 0x00, 0x1e, 0x00, 0x00, 0x00, 0x00, 0x00, 0x00, 0x00, 0x00, 0x00, 0x00,
                                                           0x20, 0x7f, 0x08, 0x00, 0x00, 0x00, 0x00, 0x00, 0x00, 0x00, 0x00, 0x00, 0x00, 0x00, 0x00, 0x80,
                                                           0xc0, 0x00, 0x06, 0x00, 0x00, 0x00, 0x00, 0x00, 0x00, 0x00, 0x00, 0x00, 0x00, 0x00, 0x00, 0x00,
                                                           0x00, 0x83, 0x01, 0x00, 0x00, 0x00, 0x00, 0x00, 0x00, 0x00, 0x00, 0x00, 0x00, 0x00, 0x00, 0x80,
                                                           0x00, 0x7c, 0x00, 0x00, 0x00, 0x00, 0x00, 0x00, 0x00, 0x00, 0x00, 0x00, 0x00, 0x00, 0x00, 0x00,
                                                           0x00, 0x00, 0x00, 0x00, 0x00, 0x00, 0x00, 0x00, 0x00, 0x00, 0x00, 0x00, 0x00, 0x00, 0x00, 0x80,
                                                           0x00, 0x00, 0x00, 0x00, 0x00, 0x00, 0x00, 0x00, 0x00, 0x00, 0x00, 0x00, 0x00, 0x00, 0x00, 0x00,
                                                           0x00, 0x7e, 0x00, 0x00, 0x00, 0x00, 0x00, 0x00, 0x00, 0x00, 0x00, 0x00, 0x00, 0x00, 0x00, 0x80,
                                                           0x80, 0x81, 0x01, 0x00, 0x00, 0x00, 0x00, 0x00, 0x00, 0x00, 0x00, 0x00, 0x00, 0x00, 0x00, 0x00,
                                                           0x40, 0x00, 0x02, 0x00, 0x00, 0x00, 0x00, 0x00, 0x00, 0x00, 0x00, 0x00, 0x00, 0x00, 0x00, 0x80,
                                                           0x20, 0x00, 0x04, 0x00, 0x00, 0x00, 0x00, 0x00, 0x00, 0x00, 0x00, 0x00, 0x00, 0x00, 0x00, 0x00,
                                                           0x10, 0x3c, 0x08, 0x08, 0x00, 0x04, 0x00, 0x00, 0x00, 0x00, 0x00, 0x00, 0x01, 0x00, 0x00, 0x80,
                                                           0x08, 0x7e, 0x10, 0x08, 0x00, 0x00, 0x00, 0x00, 0x00, 0x00, 0x00, 0x00, 0x01, 0x00, 0x00, 0x00,
                                                           0x08, 0xc3, 0x10, 0x88, 0x07, 0x04, 0x38, 0x3c, 0x19, 0x87, 0xc7, 0xe1, 0x71, 0x38, 0x00, 0x80,
                                                           0x04, 0xc3, 0x20, 0x88, 0x08, 0x04, 0x44, 0x22, 0x85, 0x48, 0x24, 0x12, 0x89, 0x44, 0x00, 0x00,
                                                           0x04, 0xff, 0x20, 0x88, 0x08, 0x04, 0x40, 0x22, 0x83, 0x48, 0x04, 0x12, 0x89, 0x04, 0x00, 0x80,
                                                           0x04, 0xff, 0x20, 0x88, 0x08, 0x04, 0x78, 0x22, 0x81, 0x4f, 0xc4, 0x13, 0x89, 0x38, 0x00, 0x00,
                                                           0x04, 0xc3, 0x20, 0x88, 0x08, 0x04, 0x44, 0x22, 0x81, 0x40, 0x24, 0x12, 0x89, 0x40, 0x00, 0x80,
                                                           0x04, 0xc3, 0x20, 0x88, 0x08, 0x04, 0x44, 0x3c, 0x81, 0x88, 0x27, 0x12, 0x89, 0x44, 0x00, 0x00,
                                                           0x04, 0xc3, 0x20, 0x88, 0x08, 0x44, 0x78, 0x20, 0x01, 0x07, 0xc4, 0xe3, 0x71, 0x38, 0x00, 0x80,
                                                           0x08, 0xc3, 0x10, 0x00, 0x40, 0x04, 0x00, 0x22, 0x00, 0x40, 0x04, 0x00, 0x00, 0x00, 0x00, 0x00,
                                                           0x08, 0xc3, 0x10, 0x00, 0x80, 0x03, 0x00, 0x1c, 0x00, 0x80, 0x03, 0x00, 0x00, 0x00, 0x00, 0x80,
                                                           0x10, 0xc3, 0x08, 0x00, 0x00, 0x00, 0x00, 0x00, 0x00, 0x00, 0x00, 0x00, 0x00, 0x00, 0x00, 0x00,
                                                           0x20, 0x00, 0x04, 0x00, 0x00, 0x00, 0x00, 0x00, 0x00, 0x00, 0x00, 0x00, 0x00, 0x00, 0x00, 0x80,
                                                           0x40, 0x00, 0x02, 0x00, 0x00, 0x00, 0x00, 0x00, 0x00, 0x00, 0x00, 0x00, 0x00, 0x00, 0x00, 0x00,
                                                           0x80, 0xff, 0x01, 0x00, 0x00, 0x00, 0x00, 0x00, 0x00, 0x00, 0x00, 0x00, 0x00, 0x00, 0x00, 0x80,
                                                           0x00, 0x7e, 0x00, 0x00, 0x00, 0x00, 0x00, 0x00, 0x00, 0x00, 0x00, 0x00, 0x00, 0x00, 0x00, 0x00,
                                                           0xfc, 0xff, 0xff, 0xff, 0xff, 0xff, 0xff, 0xff, 0xff, 0xff, 0xff, 0xff, 0xff, 0xff, 0xff, 0x87,
                                                           0x82, 0xc1, 0x00, 0x00, 0x00, 0x00, 0x00, 0x00, 0x00, 0x00, 0x00, 0x00, 0x00, 0x00, 0x00, 0x08,
                                                           0x61, 0x00, 0x03, 0x00, 0x00, 0x00, 0x00, 0x00, 0x00, 0x00, 0x00, 0x00, 0x00, 0x00, 0x00, 0xd0,
                                                           0x11, 0x0c, 0x04, 0x00, 0x00, 0x00, 0x00, 0x00, 0x00, 0x00, 0x00, 0x00, 0x00, 0x00, 0x00, 0xd0,
                                                           0x11, 0x06, 0x04, 0x00, 0x00, 0x00, 0x00, 0x00, 0x00, 0x00, 0x00, 0x00, 0x00, 0x00, 0x00, 0xd0,
                                                           0x09, 0x03, 0x08, 0x00, 0x00, 0x00, 0x00, 0x00, 0x00, 0x00, 0x00, 0x00, 0x00, 0x00, 0x00, 0xd0,
                                                           0x89, 0x01, 0x08, 0x00, 0x00, 0x00, 0x00, 0x00, 0x00, 0x00, 0x00, 0x00, 0x00, 0x00, 0x00, 0xd0,
                                                           0xc5, 0x00, 0x10, 0xf0, 0x00, 0x00, 0x00, 0x00, 0x00, 0x00, 0x00, 0x00, 0x00, 0x00, 0x00, 0xd0,
                                                           0x65, 0x00, 0x10, 0x98, 0x31, 0x00, 0x00, 0x00, 0x00, 0x00, 0x00, 0x00, 0x00, 0x00, 0x00, 0xd0,
                                                           0xf5, 0xff, 0x11, 0x98, 0xf9, 0xcc, 0x78, 0x78, 0x00, 0x00, 0x00, 0x00, 0x00, 0x00, 0x00, 0x10,
                                                           0x65, 0x00, 0x10, 0x98, 0x31, 0xec, 0xcc, 0xcc, 0x00, 0x00, 0x00, 0x00, 0x00, 0x00, 0x00, 0x90,
                                                           0xc5, 0x00, 0x10, 0x98, 0x31, 0x1c, 0xc0, 0x0c, 0x00, 0x00, 0x00, 0x00, 0x00, 0x00, 0x00, 0x10,
                                                           0x89, 0x01, 0x08, 0xf8, 0x31, 0x0c, 0xf8, 0x78, 0x00, 0x00, 0x00, 0x00, 0x00, 0x00, 0x00, 0x90,
                                                           0x09, 0x03, 0x08, 0x98, 0x31, 0x0c, 0xcc, 0xc0, 0x00, 0x00, 0x00, 0x00, 0x00, 0x00, 0x00, 0x10,
                                                           0x11, 0x06, 0x04, 0x98, 0x31, 0x0c, 0xcc, 0xcc, 0x00, 0x00, 0x00, 0x00, 0x00, 0x00, 0x00, 0x90,
                                                           0x11, 0x0c, 0x04, 0x98, 0xe1, 0x0c, 0xf8, 0x78, 0x00, 0x00, 0x00, 0x00, 0x00, 0x00, 0x00, 0x10,
                                                           0x61, 0x00, 0x03, 0x00, 0x00, 0x00, 0x00, 0x00, 0x00, 0x00, 0x00, 0x00, 0x00, 0x00, 0x00, 0x90,
                                                           0x81, 0xc1, 0x00, 0x00, 0x00, 0x00, 0x00, 0x00, 0x00, 0x00, 0x00, 0x00, 0x00, 0x00, 0x00, 0x10,
                                                           0x02, 0x3e, 0x00, 0x00, 0x00, 0x00, 0x00, 0x00, 0x00, 0x00, 0x00, 0x00, 0x00, 0x00, 0x00, 0x88,
                                                           0xfc, 0xff, 0xff, 0xff, 0xff, 0xff, 0xff, 0xff, 0xff, 0xff, 0xff, 0xff, 0xff, 0xff, 0xff, 0x07};
const unsigned char Imagenes::injagregados[] PROGMEM = {0x00, 0x00, 0x00, 0x00, 0x00, 0x00, 0x00, 0x00, 0x00, 0x00, 0x00, 0x00, 0x00, 0x00, 0x00, 0x00,
                                                        0x00, 0x00, 0x00, 0x00, 0x00, 0x00, 0x00, 0x00, 0x00, 0x00, 0x00, 0x00, 0x00, 0x00, 0x00, 0x80,
                                                        0x00, 0x00, 0x00, 0x00, 0x00, 0x00, 0x00, 0x00, 0x00, 0x00, 0x00, 0x00, 0x00, 0x00, 0x00, 0x00,
                                                        0x00, 0x7c, 0x00, 0x00, 0x00, 0x00, 0x00, 0x00, 0x00, 0x00, 0x00, 0x00, 0x00, 0x00, 0x00, 0x80,
                                                        0x00, 0x83, 0x01, 0x00, 0x00, 0x00, 0x00, 0x00, 0x00, 0x00, 0x00, 0x00, 0x00, 0x00, 0x00, 0x00,
                                                        0xc0, 0x00, 0x06, 0x00, 0x00, 0x00, 0x00, 0x00, 0x00, 0x00, 0x00, 0x00, 0x00, 0x00, 0x00, 0x80,
                                                        0x20, 0x3f, 0x08, 0x00, 0x00, 0x00, 0x00, 0x00, 0x00, 0x00, 0x00, 0x00, 0x00, 0x00, 0x00, 0x00,
                                                        0x20, 0xff, 0x08, 0x08, 0x00, 0x04, 0x40, 0x00, 0x0c, 0x00, 0x00, 0x00, 0x00, 0x00, 0x00, 0x80,
                                                        0x10, 0xe3, 0x11, 0x08, 0x00, 0x00, 0x40, 0x00, 0x02, 0x00, 0x20, 0x00, 0x00, 0x00, 0x00, 0x00,
                                                        0x10, 0x83, 0x11, 0x88, 0x07, 0x04, 0x78, 0x1c, 0x82, 0xc3, 0xf1, 0x38, 0x00, 0x00, 0x00, 0x80,
                                                        0x08, 0x83, 0x23, 0x88, 0x08, 0x04, 0x44, 0x22, 0x4f, 0x24, 0x22, 0x44, 0x00, 0x00, 0x00, 0x00,
                                                        0x08, 0x83, 0x23, 0x88, 0x08, 0x04, 0x44, 0x22, 0x42, 0x24, 0x20, 0x44, 0x00, 0x00, 0x00, 0x80,
                                                        0x08, 0x83, 0x23, 0x88, 0x08, 0x04, 0x44, 0x3e, 0xc2, 0x27, 0x20, 0x44, 0x00, 0x00, 0x00, 0x00,
                                                        0x08, 0x83, 0x23, 0x88, 0x08, 0x04, 0x44, 0x02, 0x42, 0x20, 0x20, 0x44, 0x00, 0x00, 0x00, 0x80,
                                                        0x08, 0x83, 0x23, 0x88, 0x08, 0x04, 0x44, 0x22, 0x42, 0x24, 0x22, 0x44, 0x00, 0x00, 0x00, 0x00,
                                                        0x10, 0x83, 0x13, 0x88, 0x08, 0x44, 0x78, 0x1c, 0x82, 0xc3, 0xc1, 0x38, 0x00, 0x00, 0x00, 0x80,
                                                        0x10, 0xc3, 0x11, 0x00, 0x40, 0x04, 0x00, 0x00, 0x00, 0x00, 0x00, 0x00, 0x00, 0x00, 0x00, 0x00,
                                                        0x20, 0xff, 0x08, 0x00, 0x80, 0x03, 0x00, 0x00, 0x00, 0x00, 0x00, 0x00, 0x00, 0x00, 0x00, 0x80,
                                                        0x20, 0x7f, 0x08, 0x00, 0x00, 0x00, 0x00, 0x00, 0x00, 0x00, 0x00, 0x00, 0x00, 0x00, 0x00, 0x00,
                                                        0xc0, 0x00, 0x06, 0x00, 0x00, 0x00, 0x00, 0x00, 0x00, 0x00, 0x00, 0x00, 0x00, 0x00, 0x00, 0x80,
                                                        0x00, 0x83, 0x01, 0x00, 0x00, 0x00, 0x00, 0x00, 0x00, 0x00, 0x00, 0x00, 0x00, 0x00, 0x00, 0x00,
                                                        0x00, 0x7c, 0x00, 0x00, 0x00, 0x00, 0x00, 0x00, 0x00, 0x00, 0x00, 0x00, 0x00, 0x00, 0x00, 0x80,
                                                        0x00, 0x00, 0x00, 0x00, 0x00, 0x00, 0x00, 0x00, 0x00, 0x00, 0x00, 0x00, 0x00, 0x00, 0x00, 0x00,
                                                        0xfc, 0xff, 0xff, 0xff, 0xff, 0xff, 0xff, 0xff, 0xff, 0xff, 0xff, 0xff, 0xff, 0xff, 0xff, 0x87,
                                                        0x02, 0x7e, 0x00, 0x00, 0x00, 0x00, 0x00, 0x00, 0x00, 0x00, 0x00, 0x00, 0x00, 0x00, 0x00, 0x08,
                                                        0x81, 0x81, 0x01, 0x00, 0x00, 0x00, 0x00, 0x00, 0x00, 0x00, 0x00, 0x00, 0x00, 0x00, 0x00, 0xd0,
                                                        0x41, 0x00, 0x02, 0x00, 0x00, 0x00, 0x00, 0x00, 0x00, 0x00, 0x00, 0x00, 0x00, 0x00, 0x00, 0xd0,
                                                        0x21, 0x00, 0x04, 0x00, 0x00, 0x00, 0x00, 0x00, 0x00, 0x00, 0x00, 0x00, 0x00, 0x00, 0x00, 0xd0,
                                                        0x11, 0x3c, 0x08, 0x18, 0x00, 0x30, 0x00, 0x00, 0x00, 0x00, 0x00, 0x00, 0x00, 0x0c, 0x00, 0xd0,
                                                        0x09, 0x7e, 0x10, 0x18, 0x00, 0x00, 0x00, 0x00, 0x00, 0x00, 0x00, 0x00, 0x00, 0x0c, 0x00, 0xd0,
                                                        0x09, 0xc3, 0x10, 0x18, 0x1f, 0x30, 0x80, 0x87, 0xcf, 0x8c, 0x87, 0x8f, 0x87, 0x8f, 0x87, 0xd7,
                                                        0x05, 0xc3, 0x20, 0x18, 0x33, 0x30, 0xc0, 0xcc, 0xcc, 0xce, 0xcc, 0xcc, 0xcc, 0xcc, 0xcc, 0xdc,
                                                        0x05, 0xff, 0x20, 0x18, 0x33, 0x30, 0x00, 0xcc, 0xcc, 0xc1, 0xcc, 0x0c, 0xcc, 0xcc, 0xcc, 0x10,
                                                        0x05, 0xff, 0x20, 0x18, 0x33, 0x30, 0x80, 0xcf, 0xcc, 0xc0, 0xcf, 0x8c, 0xcf, 0xcc, 0x8c, 0x97,
                                                        0x05, 0xc3, 0x20, 0x18, 0x33, 0x30, 0xc0, 0xcc, 0xcc, 0xc0, 0xc0, 0xcc, 0xcc, 0xcc, 0x0c, 0x1c,
                                                        0x05, 0xc3, 0x20, 0x18, 0x33, 0x30, 0xc0, 0x8c, 0xcf, 0xc0, 0x8c, 0xcf, 0xcc, 0xcc, 0xcc, 0x9c,
                                                        0x05, 0xc3, 0x20, 0x18, 0x33, 0x30, 0x86, 0x0f, 0xcc, 0x80, 0x07, 0x8c, 0x8f, 0x8f, 0x87, 0x17,
                                                        0x09, 0xc3, 0x10, 0x00, 0x00, 0x33, 0x00, 0xc0, 0x0c, 0x00, 0xc0, 0x0c, 0x00, 0x00, 0x00, 0x90,
                                                        0x09, 0xc3, 0x10, 0x00, 0x00, 0x1e, 0x00, 0x80, 0x07, 0x00, 0x80, 0x07, 0x00, 0x00, 0x00, 0x10,
                                                        0x11, 0xc3, 0x08, 0x00, 0x00, 0x00, 0x00, 0x00, 0x00, 0x00, 0x00, 0x00, 0x00, 0x00, 0x00, 0x90,
                                                        0x21, 0x00, 0x04, 0x00, 0x00, 0x00, 0x00, 0x00, 0x00, 0x00, 0x00, 0x00, 0x00, 0x00, 0x00, 0x10,
                                                        0x42, 0x00, 0x02, 0x00, 0x00, 0x00, 0x00, 0x00, 0x00, 0x00, 0x00, 0x00, 0x00, 0x00, 0x00, 0x88,
                                                        0xfc, 0xff, 0xff, 0xff, 0xff, 0xff, 0xff, 0xff, 0xff, 0xff, 0xff, 0xff, 0xff, 0xff, 0xff, 0x07,
                                                        0xfc, 0xff, 0xff, 0xff, 0xff, 0xff, 0xff, 0xff, 0xff, 0xff, 0xff, 0xff, 0xff, 0xff, 0xff, 0x87,
                                                        0x00, 0x3e, 0x00, 0x00, 0x00, 0x00, 0x00, 0x00, 0x00, 0x00, 0x00, 0x00, 0x00, 0x00, 0x00, 0x00,
                                                        0x80, 0xc1, 0x00, 0x00, 0x00, 0x00, 0x00, 0x00, 0x00, 0x00, 0x00, 0x00, 0x00, 0x00, 0x00, 0x80,
                                                        0x60, 0x00, 0x03, 0x00, 0x00, 0x00, 0x00, 0x00, 0x00, 0x00, 0x00, 0x00, 0x00, 0x00, 0x00, 0x00,
                                                        0x10, 0x0c, 0x04, 0x00, 0x00, 0x00, 0x00, 0x00, 0x00, 0x00, 0x00, 0x00, 0x00, 0x00, 0x00, 0x80,
                                                        0x10, 0x06, 0x04, 0x00, 0x00, 0x00, 0x00, 0x00, 0x00, 0x00, 0x00, 0x00, 0x00, 0x00, 0x00, 0x00,
                                                        0x08, 0x03, 0x08, 0x00, 0x00, 0x00, 0x00, 0x00, 0x00, 0x00, 0x00, 0x00, 0x00, 0x00, 0x00, 0x80,
                                                        0x88, 0x01, 0x08, 0x00, 0x00, 0x00, 0x00, 0x00, 0x00, 0x00, 0x00, 0x00, 0x00, 0x00, 0x00, 0x00,
                                                        0xc4, 0x00, 0x10, 0x70, 0x00, 0x00, 0x00, 0x00, 0x00, 0x00, 0x00, 0x00, 0x00, 0x00, 0x00, 0x80,
                                                        0x64, 0x00, 0x10, 0x88, 0x08, 0x00, 0x00, 0x00, 0x00, 0x00, 0x00, 0x00, 0x00, 0x00, 0x00, 0x00,
                                                        0xf4, 0xff, 0x11, 0x88, 0x3c, 0x19, 0x87, 0x03, 0x00, 0x00, 0x00, 0x00, 0x00, 0x00, 0x00, 0x80,
                                                        0x64, 0x00, 0x10, 0x88, 0x08, 0x85, 0x48, 0x04, 0x00, 0x00, 0x00, 0x00, 0x00, 0x00, 0x00, 0x00,
                                                        0xc4, 0x00, 0x10, 0x88, 0x08, 0x03, 0x48, 0x00, 0x00, 0x00, 0x00, 0x00, 0x00, 0x00, 0x00, 0x80,
                                                        0x88, 0x01, 0x08, 0xf8, 0x08, 0x01, 0x8f, 0x03, 0x00, 0x00, 0x00, 0x00, 0x00, 0x00, 0x00, 0x00,
                                                        0x08, 0x03, 0x08, 0x88, 0x08, 0x81, 0x08, 0x04, 0x00, 0x00, 0x00, 0x00, 0x00, 0x00, 0x00, 0x80,
                                                        0x10, 0x06, 0x04, 0x88, 0x08, 0x81, 0x48, 0x04, 0x00, 0x00, 0x00, 0x00, 0x00, 0x00, 0x00, 0x00,
                                                        0x10, 0x0c, 0x04, 0x88, 0x30, 0x01, 0x8f, 0x03, 0x00, 0x00, 0x00, 0x00, 0x00, 0x00, 0x00, 0x80,
                                                        0x60, 0x00, 0x03, 0x00, 0x00, 0x00, 0x00, 0x00, 0x00, 0x00, 0x00, 0x00, 0x00, 0x00, 0x00, 0x00,
                                                        0x80, 0xc1, 0x00, 0x00, 0x00, 0x00, 0x00, 0x00, 0x00, 0x00, 0x00, 0x00, 0x00, 0x00, 0x00, 0x80,
                                                        0x00, 0x3e, 0x00, 0x00, 0x00, 0x00, 0x00, 0x00, 0x00, 0x00, 0x00, 0x00, 0x00, 0x00, 0x00, 0x00,
                                                        0x00, 0x00, 0x00, 0x00, 0x00, 0x00, 0x00, 0x00, 0x00, 0x00, 0x00, 0x00, 0x00, 0x00, 0x00, 0x80};
const unsigned char Imagenes::injdefecto[] PROGMEM = {0x00, 0x00, 0x00, 0x00, 0x00, 0x00, 0x00, 0x00, 0x00, 0x00, 0x00, 0x00, 0x00, 0x00, 0x00, 0x80,
                                                      0x00, 0x00, 0x00, 0x00, 0x00, 0x00, 0x00, 0x00, 0x00, 0x00, 0x00, 0x00, 0x00, 0x00, 0x00, 0x00,
                                                      0xfc, 0xff, 0xff, 0xff, 0xff, 0xff, 0xff, 0xff, 0xff, 0xff, 0xff, 0xff, 0xff, 0xff, 0xff, 0x87,
                                                      0x02, 0x7c, 0x00, 0x00, 0x00, 0x00, 0x00, 0x00, 0x00, 0x00, 0x00, 0x00, 0x00, 0x00, 0x00, 0x08,
                                                      0x01, 0x83, 0x01, 0x00, 0x00, 0x00, 0x00, 0x00, 0x00, 0x00, 0x00, 0x00, 0x00, 0x00, 0x00, 0xd0,
                                                      0xc1, 0x00, 0x06, 0x00, 0x00, 0x00, 0x00, 0x00, 0x00, 0x00, 0x00, 0x00, 0x00, 0x00, 0x00, 0xd0,
                                                      0x21, 0x3f, 0x08, 0x00, 0x00, 0x00, 0x00, 0x00, 0x00, 0x00, 0x00, 0x00, 0x00, 0x00, 0x00, 0xd0,
                                                      0x21, 0xff, 0x08, 0x18, 0x00, 0x30, 0x00, 0x0c, 0x00, 0x07, 0x00, 0x00, 0x00, 0x00, 0x00, 0xd0,
                                                      0x11, 0xe3, 0x11, 0x18, 0x00, 0x00, 0x00, 0x0c, 0x80, 0x01, 0x00, 0xc0, 0x00, 0x00, 0x00, 0xd0,
                                                      0x11, 0x83, 0x11, 0x18, 0x1f, 0x30, 0x80, 0x8f, 0x87, 0xc1, 0xc3, 0xe3, 0xe3, 0x01, 0x00, 0xd0,
                                                      0x09, 0x83, 0x23, 0x18, 0x33, 0x30, 0xc0, 0xcc, 0xcc, 0x67, 0x66, 0xc6, 0x30, 0x03, 0x00, 0xd0,
                                                      0x09, 0x83, 0x23, 0x18, 0x33, 0x30, 0xc0, 0xcc, 0x8c, 0x61, 0x66, 0xc0, 0x30, 0x03, 0x00, 0x10,
                                                      0x09, 0x83, 0x23, 0x18, 0x33, 0x30, 0xc0, 0xcc, 0x8f, 0xe1, 0x67, 0xc0, 0x30, 0x03, 0x00, 0x90,
                                                      0x09, 0x83, 0x23, 0x18, 0x33, 0x30, 0xc0, 0xcc, 0x80, 0x61, 0x60, 0xc0, 0x30, 0x03, 0x00, 0x10,
                                                      0x09, 0x83, 0x23, 0x18, 0x33, 0x30, 0xc0, 0xcc, 0x8c, 0x61, 0x66, 0xc6, 0x30, 0x03, 0x00, 0x90,
                                                      0x11, 0x83, 0x13, 0x18, 0x33, 0x30, 0x86, 0x8f, 0x87, 0xc1, 0xc3, 0x83, 0xe3, 0x01, 0x00, 0x10,
                                                      0x11, 0xc3, 0x11, 0x00, 0x00, 0x33, 0x00, 0x00, 0x00, 0x00, 0x00, 0x00, 0x00, 0x00, 0x00, 0x90,
                                                      0x21, 0xff, 0x08, 0x00, 0x00, 0x1e, 0x00, 0x00, 0x00, 0x00, 0x00, 0x00, 0x00, 0x00, 0x00, 0x10,
                                                      0x21, 0x7f, 0x08, 0x00, 0x00, 0x00, 0x00, 0x00, 0x00, 0x00, 0x00, 0x00, 0x00, 0x00, 0x00, 0x90,
                                                      0xc1, 0x00, 0x06, 0x00, 0x00, 0x00, 0x00, 0x00, 0x00, 0x00, 0x00, 0x00, 0x00, 0x00, 0x00, 0x10,
                                                      0x02, 0x83, 0x01, 0x00, 0x00, 0x00, 0x00, 0x00, 0x00, 0x00, 0x00, 0x00, 0x00, 0x00, 0x00, 0x88,
                                                      0xfc, 0xff, 0xff, 0xff, 0xff, 0xff, 0xff, 0xff, 0xff, 0xff, 0xff, 0xff, 0xff, 0xff, 0xff, 0x07,
                                                      0xfc, 0xff, 0xff, 0xff, 0xff, 0xff, 0xff, 0xff, 0xff, 0xff, 0xff, 0xff, 0xff, 0xff, 0xff, 0x87,
                                                      0x00, 0x00, 0x00, 0x00, 0x00, 0x00, 0x00, 0x00, 0x00, 0x00, 0x00, 0x00, 0x00, 0x00, 0x00, 0x00,
                                                      0x00, 0x7e, 0x00, 0x00, 0x00, 0x00, 0x00, 0x00, 0x00, 0x00, 0x00, 0x00, 0x00, 0x00, 0x00, 0x80,
                                                      0x80, 0x81, 0x01, 0x00, 0x00, 0x00, 0x00, 0x00, 0x00, 0x00, 0x00, 0x00, 0x00, 0x00, 0x00, 0x00,
                                                      0x40, 0x00, 0x02, 0x00, 0x00, 0x00, 0x00, 0x00, 0x00, 0x00, 0x00, 0x00, 0x00, 0x00, 0x00, 0x80,
                                                      0x20, 0x00, 0x04, 0x00, 0x00, 0x00, 0x00, 0x00, 0x00, 0x00, 0x00, 0x00, 0x00, 0x00, 0x00, 0x00,
                                                      0x10, 0x3c, 0x08, 0x08, 0x00, 0x04, 0x00, 0x00, 0x00, 0x00, 0x00, 0x00, 0x01, 0x00, 0x00, 0x80,
                                                      0x08, 0x7e, 0x10, 0x08, 0x00, 0x00, 0x00, 0x00, 0x00, 0x00, 0x00, 0x00, 0x01, 0x00, 0x00, 0x00,
                                                      0x08, 0xc3, 0x10, 0x88, 0x07, 0x04, 0x38, 0x3c, 0x19, 0x87, 0xc7, 0xe1, 0x71, 0x38, 0x00, 0x80,
                                                      0x04, 0xc3, 0x20, 0x88, 0x08, 0x04, 0x44, 0x22, 0x85, 0x48, 0x24, 0x12, 0x89, 0x44, 0x00, 0x00,
                                                      0x04, 0xff, 0x20, 0x88, 0x08, 0x04, 0x40, 0x22, 0x83, 0x48, 0x04, 0x12, 0x89, 0x04, 0x00, 0x80,
                                                      0x04, 0xff, 0x20, 0x88, 0x08, 0x04, 0x78, 0x22, 0x81, 0x4f, 0xc4, 0x13, 0x89, 0x38, 0x00, 0x00,
                                                      0x04, 0xc3, 0x20, 0x88, 0x08, 0x04, 0x44, 0x22, 0x81, 0x40, 0x24, 0x12, 0x89, 0x40, 0x00, 0x80,
                                                      0x04, 0xc3, 0x20, 0x88, 0x08, 0x04, 0x44, 0x3c, 0x81, 0x88, 0x27, 0x12, 0x89, 0x44, 0x00, 0x00,
                                                      0x04, 0xc3, 0x20, 0x88, 0x08, 0x44, 0x78, 0x20, 0x01, 0x07, 0xc4, 0xe3, 0x71, 0x38, 0x00, 0x80,
                                                      0x08, 0xc3, 0x10, 0x00, 0x40, 0x04, 0x00, 0x22, 0x00, 0x40, 0x04, 0x00, 0x00, 0x00, 0x00, 0x00,
                                                      0x08, 0xc3, 0x10, 0x00, 0x80, 0x03, 0x00, 0x1c, 0x00, 0x80, 0x03, 0x00, 0x00, 0x00, 0x00, 0x80,
                                                      0x10, 0xc3, 0x08, 0x00, 0x00, 0x00, 0x00, 0x00, 0x00, 0x00, 0x00, 0x00, 0x00, 0x00, 0x00, 0x00,
                                                      0x20, 0x00, 0x04, 0x00, 0x00, 0x00, 0x00, 0x00, 0x00, 0x00, 0x00, 0x00, 0x00, 0x00, 0x00, 0x80,
                                                      0x40, 0x00, 0x02, 0x00, 0x00, 0x00, 0x00, 0x00, 0x00, 0x00, 0x00, 0x00, 0x00, 0x00, 0x00, 0x00,
                                                      0x00, 0x00, 0x00, 0x00, 0x00, 0x00, 0x00, 0x00, 0x00, 0x00, 0x00, 0x00, 0x00, 0x00, 0x00, 0x80,
                                                      0x00, 0x1c, 0x00, 0x00, 0x00, 0x00, 0x00, 0x00, 0x00, 0x00, 0x00, 0x00, 0x00, 0x00, 0x00, 0x00,
                                                      0x00, 0x3e, 0x00, 0x00, 0x00, 0x00, 0x00, 0x00, 0x00, 0x00, 0x00, 0x00, 0x00, 0x00, 0x00, 0x80,
                                                      0x80, 0xc1, 0x00, 0x00, 0x00, 0x00, 0x00, 0x00, 0x00, 0x00, 0x00, 0x00, 0x00, 0x00, 0x00, 0x00,
                                                      0x60, 0x00, 0x03, 0x00, 0x00, 0x00, 0x00, 0x00, 0x00, 0x00, 0x00, 0x00, 0x00, 0x00, 0x00, 0x80,
                                                      0x10, 0x0c, 0x04, 0x00, 0x00, 0x00, 0x00, 0x00, 0x00, 0x00, 0x00, 0x00, 0x00, 0x00, 0x00, 0x00,
                                                      0x10, 0x06, 0x04, 0x00, 0x00, 0x00, 0x00, 0x00, 0x00, 0x00, 0x00, 0x00, 0x00, 0x00, 0x00, 0x80,
                                                      0x08, 0x03, 0x08, 0x00, 0x00, 0x00, 0x00, 0x00, 0x00, 0x00, 0x00, 0x00, 0x00, 0x00, 0x00, 0x00,
                                                      0x88, 0x01, 0x08, 0x00, 0x00, 0x00, 0x00, 0x00, 0x00, 0x00, 0x00, 0x00, 0x00, 0x00, 0x00, 0x80,
                                                      0xc4, 0x00, 0x10, 0x70, 0x00, 0x00, 0x00, 0x00, 0x00, 0x00, 0x00, 0x00, 0x00, 0x00, 0x00, 0x00,
                                                      0x64, 0x00, 0x10, 0x88, 0x08, 0x00, 0x00, 0x00, 0x00, 0x00, 0x00, 0x00, 0x00, 0x00, 0x00, 0x80,
                                                      0xf4, 0xff, 0x11, 0x88, 0x3c, 0x19, 0x87, 0x03, 0x00, 0x00, 0x00, 0x00, 0x00, 0x00, 0x00, 0x00,
                                                      0x64, 0x00, 0x10, 0x88, 0x08, 0x85, 0x48, 0x04, 0x00, 0x00, 0x00, 0x00, 0x00, 0x00, 0x00, 0x80,
                                                      0xc4, 0x00, 0x10, 0x88, 0x08, 0x03, 0x48, 0x00, 0x00, 0x00, 0x00, 0x00, 0x00, 0x00, 0x00, 0x00,
                                                      0x88, 0x01, 0x08, 0xf8, 0x08, 0x01, 0x8f, 0x03, 0x00, 0x00, 0x00, 0x00, 0x00, 0x00, 0x00, 0x80,
                                                      0x08, 0x03, 0x08, 0x88, 0x08, 0x81, 0x08, 0x04, 0x00, 0x00, 0x00, 0x00, 0x00, 0x00, 0x00, 0x00,
                                                      0x10, 0x06, 0x04, 0x88, 0x08, 0x81, 0x48, 0x04, 0x00, 0x00, 0x00, 0x00, 0x00, 0x00, 0x00, 0x80,
                                                      0x10, 0x0c, 0x04, 0x88, 0x30, 0x01, 0x8f, 0x03, 0x00, 0x00, 0x00, 0x00, 0x00, 0x00, 0x00, 0x00,
                                                      0x60, 0x00, 0x03, 0x00, 0x00, 0x00, 0x00, 0x00, 0x00, 0x00, 0x00, 0x00, 0x00, 0x00, 0x00, 0x80,
                                                      0x80, 0xc1, 0x00, 0x00, 0x00, 0x00, 0x00, 0x00, 0x00, 0x00, 0x00, 0x00, 0x00, 0x00, 0x00, 0x00,
                                                      0x00, 0x3e, 0x00, 0x00, 0x00, 0x00, 0x00, 0x00, 0x00, 0x00, 0x00, 0x00, 0x00, 0x00, 0x00, 0x80,
                                                      0x00, 0x00, 0x00, 0x00, 0x00, 0x00, 0x00, 0x00, 0x00, 0x00, 0x00, 0x00, 0x00, 0x00, 0x00, 0x00};
const unsigned char Imagenes::agregarborrarinyector[] PROGMEM = {0x00, 0x00, 0x00, 0x00, 0x00, 0x00, 0x00, 0x00, 0x00, 0x00, 0x00, 0x00, 0x00, 0x00, 0x00, 0x00,
                                                                 0x00, 0x00, 0x00, 0x00, 0x00, 0x00, 0x00, 0x00, 0x00, 0x00, 0x00, 0x00, 0x00, 0x00, 0x00, 0x80,
                                                                 0x00, 0x3e, 0x00, 0x00, 0x00, 0x00, 0x00, 0x00, 0x00, 0x00, 0x00, 0x00, 0x00, 0x00, 0x00, 0x00,
                                                                 0x80, 0xc1, 0x00, 0x00, 0x00, 0x00, 0x00, 0x00, 0x00, 0x00, 0x00, 0x00, 0x00, 0x00, 0x00, 0x80,
                                                                 0x60, 0x00, 0x03, 0x00, 0x00, 0x00, 0x00, 0x00, 0x00, 0x00, 0x00, 0x00, 0x00, 0x00, 0x00, 0x00,
                                                                 0x90, 0x03, 0x04, 0x00, 0x00, 0x00, 0x00, 0x00, 0x00, 0x00, 0x00, 0x00, 0x00, 0x00, 0x00, 0x80,
                                                                 0x90, 0x0f, 0x04, 0x00, 0x00, 0x00, 0x00, 0x00, 0x00, 0x00, 0x00, 0x00, 0x00, 0x00, 0x00, 0x00,
                                                                 0x88, 0x1f, 0x08, 0x88, 0x88, 0x70, 0x08, 0xc7, 0x03, 0x3c, 0x1e, 0x91, 0xcf, 0xc3, 0x01, 0x80,
                                                                 0x88, 0x7f, 0x08, 0x88, 0x88, 0x88, 0x88, 0x48, 0x04, 0x44, 0x22, 0x91, 0x40, 0x24, 0x02, 0x00,
                                                                 0x84, 0xff, 0x10, 0x88, 0x88, 0x08, 0x88, 0x48, 0x04, 0x44, 0x22, 0x91, 0x40, 0x24, 0x02, 0x80,
                                                                 0x84, 0xff, 0x11, 0x88, 0x89, 0x08, 0x88, 0x48, 0x04, 0x44, 0x22, 0x91, 0x40, 0x24, 0x02, 0x00,
                                                                 0x84, 0xff, 0x13, 0x88, 0x8a, 0x08, 0x88, 0xc8, 0x03, 0x3c, 0x1e, 0x91, 0xc3, 0x23, 0x02, 0x80,
                                                                 0x84, 0xff, 0x11, 0x88, 0x8c, 0x08, 0x88, 0x4f, 0x01, 0x04, 0x0a, 0x91, 0x40, 0xe4, 0x03, 0x00,
                                                                 0x84, 0xff, 0x10, 0x88, 0x88, 0x08, 0x88, 0x48, 0x02, 0x04, 0x12, 0x91, 0x40, 0x24, 0x02, 0x80,
                                                                 0x88, 0x7f, 0x08, 0x88, 0x88, 0x88, 0x88, 0x48, 0x04, 0x04, 0x22, 0x91, 0x40, 0x24, 0x02, 0x00,
                                                                 0x88, 0x3f, 0x08, 0x88, 0x88, 0x70, 0x88, 0x48, 0x04, 0x04, 0x22, 0x8e, 0xcf, 0x23, 0x02, 0x80,
                                                                 0x90, 0x0f, 0x04, 0x00, 0x00, 0x00, 0x00, 0x00, 0x00, 0x00, 0x00, 0x00, 0x00, 0x00, 0x00, 0x00,
                                                                 0x90, 0x03, 0x04, 0x00, 0x00, 0x00, 0x00, 0x00, 0xf0, 0x01, 0x00, 0x00, 0x00, 0x00, 0x00, 0x80,
                                                                 0x60, 0x00, 0x03, 0x00, 0x00, 0x00, 0x00, 0x00, 0x00, 0x00, 0x00, 0x00, 0x00, 0x00, 0x00, 0x00,
                                                                 0x80, 0xc1, 0x00, 0x00, 0x00, 0x00, 0x00, 0x00, 0x00, 0x00, 0x00, 0x00, 0x00, 0x00, 0x00, 0x80,
                                                                 0x00, 0x3e, 0x00, 0x00, 0x00, 0x00, 0x00, 0x00, 0x00, 0x00, 0x00, 0x00, 0x00, 0x00, 0x00, 0x00,
                                                                 0x00, 0x00, 0x00, 0x00, 0x00, 0x00, 0x00, 0x00, 0x00, 0x00, 0x00, 0x00, 0x00, 0x00, 0x00, 0x80,
                                                                 0x00, 0x00, 0x00, 0x00, 0x00, 0x00, 0x00, 0x00, 0x00, 0x00, 0x00, 0x00, 0x00, 0x00, 0x00, 0x00,
                                                                 0xfc, 0xff, 0xff, 0xff, 0xff, 0xff, 0xff, 0xff, 0xff, 0xff, 0xff, 0xff, 0xff, 0xff, 0xff, 0x87,
                                                                 0x02, 0x3e, 0x00, 0x00, 0x00, 0x00, 0x00, 0x00, 0x00, 0x00, 0x00, 0x00, 0x00, 0x00, 0x00, 0x08,
                                                                 0x81, 0xc1, 0x00, 0x00, 0x00, 0x00, 0x00, 0x00, 0x00, 0x00, 0x00, 0x00, 0x00, 0x00, 0x00, 0xd0,
                                                                 0x61, 0x00, 0x03, 0x00, 0x00, 0x00, 0x00, 0x00, 0x00, 0x00, 0x00, 0x00, 0x00, 0x00, 0x00, 0xd0,
                                                                 0x11, 0x00, 0x06, 0x00, 0x00, 0x00, 0x00, 0x00, 0x00, 0x00, 0x00, 0x00, 0x00, 0x00, 0x00, 0xd0,
                                                                 0x91, 0x00, 0x05, 0x18, 0x33, 0x30, 0x3f, 0x1e, 0x3f, 0x1e, 0x1f, 0x00, 0x00, 0x00, 0x00, 0xd0,
                                                                 0x89, 0x80, 0x08, 0x18, 0x33, 0x30, 0x03, 0x33, 0x0c, 0x33, 0x33, 0x00, 0x00, 0x00, 0x00, 0xd0,
                                                                 0x89, 0x40, 0x08, 0x18, 0x33, 0x30, 0x03, 0x03, 0x0c, 0x33, 0x33, 0x00, 0x00, 0x00, 0x00, 0xd0,
                                                                 0xe5, 0x23, 0x10, 0x18, 0x37, 0x30, 0x03, 0x03, 0x0c, 0x33, 0x33, 0x00, 0x00, 0x00, 0x00, 0xd0,
                                                                 0x85, 0x10, 0x10, 0x18, 0x3f, 0x30, 0x0f, 0x03, 0x0c, 0x33, 0x1f, 0x00, 0x00, 0x00, 0x00, 0x10,
                                                                 0x85, 0x08, 0x10, 0x18, 0x3b, 0x30, 0x03, 0x03, 0x0c, 0x33, 0x0f, 0x00, 0x00, 0x00, 0x00, 0x90,
                                                                 0x85, 0x08, 0x10, 0x18, 0x33, 0x30, 0x03, 0x03, 0x0c, 0x33, 0x1b, 0x00, 0x00, 0x00, 0x00, 0x10,
                                                                 0x05, 0x04, 0x10, 0x18, 0x33, 0x33, 0x03, 0x33, 0x0c, 0x33, 0x33, 0x00, 0x00, 0x00, 0x00, 0x90,
                                                                 0x09, 0xf2, 0x0b, 0x18, 0x33, 0x1e, 0x3f, 0x1e, 0x0c, 0x1e, 0x33, 0x00, 0x00, 0x00, 0x00, 0x10,
                                                                 0x09, 0x01, 0x08, 0x00, 0x00, 0x00, 0x00, 0x00, 0x00, 0x00, 0x00, 0x00, 0x00, 0x00, 0x00, 0x90,
                                                                 0x91, 0x00, 0x04, 0x00, 0x00, 0x00, 0x00, 0x00, 0x00, 0x00, 0x00, 0x00, 0x00, 0x00, 0x00, 0x10,
                                                                 0x51, 0x00, 0x04, 0x00, 0x00, 0x00, 0x00, 0x00, 0x00, 0x00, 0x00, 0x00, 0x00, 0x00, 0x00, 0x90,
                                                                 0x61, 0x00, 0x03, 0x00, 0x00, 0x00, 0x00, 0x00, 0x00, 0x00, 0x00, 0x00, 0x00, 0x00, 0x00, 0x10,
                                                                 0x82, 0xc1, 0x00, 0x00, 0x00, 0x00, 0x00, 0x00, 0x00, 0x00, 0x00, 0x00, 0x00, 0x00, 0x00, 0x88,
                                                                 0xfc, 0xff, 0xff, 0xff, 0xff, 0xff, 0xff, 0xff, 0xff, 0xff, 0xff, 0xff, 0xff, 0xff, 0xff, 0x07,
                                                                 0xfc, 0xff, 0xff, 0xff, 0xff, 0xff, 0xff, 0xff, 0xff, 0xff, 0xff, 0xff, 0xff, 0xff, 0xff, 0x87,
                                                                 0x00, 0x00, 0x00, 0x00, 0x00, 0x00, 0x00, 0x00, 0x00, 0x00, 0x00, 0x00, 0x00, 0x00, 0x00, 0x00,
                                                                 0x00, 0x00, 0x00, 0x00, 0x00, 0x00, 0x00, 0x00, 0x00, 0x00, 0x00, 0x00, 0x00, 0x00, 0x00, 0x80,
                                                                 0x80, 0x3f, 0x00, 0x00, 0x00, 0x00, 0x00, 0x00, 0x00, 0x00, 0x00, 0x00, 0x00, 0x00, 0x00, 0x00,
                                                                 0xe0, 0xc0, 0x00, 0x00, 0x00, 0x00, 0x00, 0x00, 0x00, 0x00, 0x00, 0x00, 0x00, 0x00, 0x00, 0x80,
                                                                 0x20, 0x9e, 0x00, 0x00, 0x00, 0x00, 0x00, 0x00, 0x00, 0x00, 0x00, 0x00, 0x00, 0x00, 0x00, 0x00,
                                                                 0x20, 0xbf, 0x00, 0x70, 0x44, 0x22, 0x0f, 0x07, 0x00, 0x00, 0x00, 0x00, 0x00, 0x00, 0x00, 0x80,
                                                                 0x10, 0x33, 0x01, 0x88, 0x44, 0x22, 0x91, 0x08, 0x00, 0x00, 0x00, 0x00, 0x00, 0x00, 0x00, 0x00,
                                                                 0x10, 0x30, 0x01, 0x88, 0x44, 0x22, 0x91, 0x08, 0x00, 0x00, 0x00, 0x00, 0x00, 0x00, 0x00, 0x80,
                                                                 0x10, 0x3c, 0x01, 0x88, 0x28, 0x22, 0x91, 0x08, 0x00, 0x00, 0x00, 0x00, 0x00, 0x00, 0x00, 0x00,
                                                                 0x10, 0x0c, 0x01, 0x88, 0x10, 0x22, 0x91, 0x08, 0x00, 0x00, 0x00, 0x00, 0x00, 0x00, 0x00, 0x80,
                                                                 0x10, 0x0c, 0x01, 0xf8, 0x10, 0x22, 0x91, 0x0f, 0x00, 0x00, 0x00, 0x00, 0x00, 0x00, 0x00, 0x00,
                                                                 0x20, 0x80, 0x00, 0x88, 0x10, 0x22, 0x91, 0x08, 0x00, 0x00, 0x00, 0x00, 0x00, 0x00, 0x00, 0x80,
                                                                 0x20, 0xcc, 0x00, 0x88, 0x10, 0x22, 0x91, 0x08, 0x00, 0x00, 0x00, 0x00, 0x00, 0x00, 0x00, 0x00,
                                                                 0xe0, 0xe0, 0x01, 0x88, 0x10, 0x1c, 0x8f, 0x08, 0x00, 0x00, 0x00, 0x00, 0x00, 0x00, 0x00, 0x80,
                                                                 0x00, 0x9f, 0x03, 0x00, 0x00, 0x00, 0x00, 0x00, 0x00, 0x00, 0x00, 0x00, 0x00, 0x00, 0x00, 0x00,
                                                                 0x00, 0x00, 0x07, 0x00, 0x00, 0x00, 0x00, 0x00, 0x00, 0x00, 0x00, 0x00, 0x00, 0x00, 0x00, 0x80,
                                                                 0x00, 0x00, 0x0e, 0x00, 0x00, 0x00, 0x00, 0x00, 0x00, 0x00, 0x00, 0x00, 0x00, 0x00, 0x00, 0x00,
                                                                 0x00, 0x00, 0x1c, 0x00, 0x00, 0x00, 0x00, 0x00, 0x00, 0x00, 0x00, 0x00, 0x00, 0x00, 0x00, 0x80,
                                                                 0x00, 0x00, 0x18, 0x00, 0x00, 0x00, 0x00, 0x00, 0x00, 0x00, 0x00, 0x00, 0x00, 0x00, 0x00, 0x00,
                                                                 0x00, 0x00, 0x00, 0x00, 0x00, 0x00, 0x00, 0x00, 0x00, 0x00, 0x00, 0x00, 0x00, 0x00, 0x00, 0x80};
const unsigned char Imagenes::ATRASAGREGARINYECTOR_INJ[] PROGMEM = {0x00, 0x00, 0x00, 0x00, 0x00, 0x00, 0x00, 0x00, 0x00, 0x00, 0x00, 0x00, 0x00, 0x00, 0x00, 0x00,
                                                                    0x00, 0x00, 0x00, 0x00, 0x00, 0x00, 0x00, 0x00, 0x00, 0x00, 0x00, 0x00, 0x00, 0x00, 0x00, 0x00,
                                                                    0x00, 0x3e, 0x00, 0x00, 0x00, 0x00, 0x00, 0x00, 0x00, 0x00, 0x00, 0x00, 0x00, 0x00, 0x00, 0x80,
                                                                    0x80, 0xc1, 0x00, 0x00, 0x00, 0x00, 0x00, 0x00, 0x00, 0x00, 0x00, 0x00, 0x00, 0x00, 0x00, 0x00,
                                                                    0x60, 0x00, 0x03, 0x00, 0x00, 0x00, 0x00, 0x00, 0x00, 0x00, 0x00, 0x00, 0x00, 0x00, 0x00, 0x80,
                                                                    0x10, 0x08, 0x04, 0x00, 0x00, 0x00, 0x00, 0x00, 0x00, 0x00, 0x00, 0x00, 0x00, 0x00, 0x00, 0x00,
                                                                    0x10, 0x08, 0x04, 0x38, 0x1c, 0x8f, 0x8f, 0xc3, 0xf1, 0x00, 0x22, 0x02, 0x01, 0x00, 0x00, 0x80,
                                                                    0x08, 0x08, 0x08, 0x44, 0x22, 0x91, 0x40, 0x24, 0x12, 0x01, 0x22, 0x02, 0x01, 0x00, 0x00, 0x00,
                                                                    0x08, 0x08, 0x08, 0x44, 0x02, 0x91, 0x40, 0x20, 0x12, 0x01, 0x22, 0x02, 0x01, 0x00, 0x00, 0x80,
                                                                    0x04, 0x08, 0x10, 0x44, 0x02, 0x91, 0x40, 0x20, 0x12, 0x01, 0x62, 0x02, 0x01, 0x00, 0x00, 0x00,
                                                                    0x04, 0x08, 0x10, 0x44, 0x32, 0x8f, 0x43, 0x26, 0xf2, 0x00, 0xa2, 0x02, 0x01, 0x00, 0x00, 0x80,
                                                                    0xe4, 0xff, 0x13, 0x7c, 0x22, 0x85, 0x40, 0xe4, 0x53, 0x00, 0x22, 0x03, 0x01, 0x00, 0x00, 0x00,
                                                                    0x04, 0x08, 0x10, 0x44, 0x22, 0x89, 0x40, 0x24, 0x92, 0x00, 0x22, 0x02, 0x01, 0x00, 0x00, 0x80,
                                                                    0x04, 0x08, 0x10, 0x44, 0x22, 0x91, 0x40, 0x24, 0x12, 0x01, 0x22, 0x12, 0x01, 0x00, 0x00, 0x00,
                                                                    0x08, 0x08, 0x08, 0x44, 0x3c, 0x91, 0x8f, 0x27, 0x12, 0x01, 0x22, 0xe2, 0x00, 0x00, 0x00, 0x80,
                                                                    0x08, 0x08, 0x08, 0x00, 0x00, 0x00, 0x00, 0x00, 0x00, 0x00, 0x00, 0x00, 0x00, 0x00, 0x00, 0x00,
                                                                    0x10, 0x08, 0x04, 0x00, 0x00, 0x00, 0x00, 0x00, 0x00, 0x7c, 0x00, 0x00, 0x00, 0x00, 0x00, 0x80,
                                                                    0x10, 0x08, 0x04, 0x00, 0x00, 0x00, 0x00, 0x00, 0x00, 0x00, 0x00, 0x00, 0x00, 0x00, 0x00, 0x00,
                                                                    0x60, 0x00, 0x03, 0x00, 0x00, 0x00, 0x00, 0x00, 0x00, 0x00, 0x00, 0x00, 0x00, 0x00, 0x00, 0x80,
                                                                    0x80, 0xc1, 0x00, 0x00, 0x00, 0x00, 0x00, 0x00, 0x00, 0x00, 0x00, 0x00, 0x00, 0x00, 0x00, 0x00,
                                                                    0x00, 0x3e, 0x00, 0x00, 0x00, 0x00, 0x00, 0x00, 0x00, 0x00, 0x00, 0x00, 0x00, 0x00, 0x00, 0x80,
                                                                    0x00, 0x00, 0x00, 0x00, 0x00, 0x00, 0x00, 0x00, 0x00, 0x00, 0x00, 0x00, 0x00, 0x00, 0x00, 0x00,
                                                                    0x00, 0x00, 0x00, 0x00, 0x00, 0x00, 0x00, 0x00, 0x00, 0x00, 0x00, 0x00, 0x00, 0x00, 0x00, 0x80,
                                                                    0x00, 0x00, 0x00, 0x00, 0x00, 0x00, 0x00, 0x00, 0x00, 0x00, 0x00, 0x00, 0x00, 0x00, 0x00, 0x00,
                                                                    0x00, 0x7c, 0x00, 0x00, 0x00, 0x00, 0x00, 0x00, 0x00, 0x00, 0x00, 0x00, 0x00, 0x00, 0x00, 0x80,
                                                                    0x00, 0x83, 0x01, 0x00, 0x00, 0x00, 0x00, 0x00, 0x00, 0x00, 0x00, 0x00, 0x00, 0x00, 0x00, 0x00,
                                                                    0xc0, 0x00, 0x06, 0x00, 0x00, 0x00, 0x00, 0x00, 0x00, 0x00, 0x00, 0x00, 0x00, 0x00, 0x00, 0x80,
                                                                    0x20, 0x00, 0x08, 0x00, 0x00, 0x00, 0x00, 0x00, 0x00, 0x00, 0x00, 0x00, 0x00, 0x00, 0x00, 0x00,
                                                                    0x20, 0x00, 0x08, 0x3c, 0x1c, 0x8f, 0x87, 0xe3, 0x01, 0x44, 0x04, 0x02, 0x00, 0x00, 0x00, 0x80,
                                                                    0x10, 0x00, 0x10, 0x44, 0x22, 0x91, 0x48, 0x24, 0x02, 0x44, 0x04, 0x02, 0x00, 0x00, 0x00, 0x00,
                                                                    0x10, 0x00, 0x10, 0x44, 0x22, 0x91, 0x48, 0x24, 0x02, 0x44, 0x04, 0x02, 0x00, 0x00, 0x00, 0x80,
                                                                    0x08, 0x00, 0x20, 0x44, 0x22, 0x91, 0x48, 0x24, 0x02, 0xc4, 0x04, 0x02, 0x00, 0x00, 0x00, 0x00,
                                                                    0x08, 0x00, 0x20, 0x3c, 0x22, 0x8f, 0x47, 0xe4, 0x01, 0x44, 0x05, 0x02, 0x00, 0x00, 0x00, 0x80,
                                                                    0xe8, 0xff, 0x2f, 0x44, 0x22, 0x85, 0xc2, 0xa7, 0x00, 0x44, 0x06, 0x02, 0x00, 0x00, 0x00, 0x00,
                                                                    0x08, 0x00, 0x20, 0x44, 0x22, 0x89, 0x44, 0x24, 0x01, 0x44, 0x04, 0x02, 0x00, 0x00, 0x00, 0x80,
                                                                    0x08, 0x00, 0x20, 0x44, 0x22, 0x91, 0x48, 0x24, 0x02, 0x44, 0x24, 0x02, 0x00, 0x00, 0x00, 0x00,
                                                                    0x10, 0x00, 0x10, 0x3c, 0x1c, 0x91, 0x48, 0x24, 0x02, 0x44, 0xc4, 0x01, 0x00, 0x00, 0x00, 0x80,
                                                                    0x10, 0x00, 0x10, 0x00, 0x00, 0x00, 0x00, 0x00, 0x00, 0x00, 0x00, 0x00, 0x00, 0x00, 0x00, 0x00,
                                                                    0x20, 0x00, 0x08, 0x00, 0x00, 0x00, 0x00, 0x00, 0xf8, 0x00, 0x00, 0x00, 0x00, 0x00, 0x00, 0x80,
                                                                    0x20, 0x00, 0x08, 0x00, 0x00, 0x00, 0x00, 0x00, 0x00, 0x00, 0x00, 0x00, 0x00, 0x00, 0x00, 0x00,
                                                                    0xc0, 0x00, 0x06, 0x00, 0x00, 0x00, 0x00, 0x00, 0x00, 0x00, 0x00, 0x00, 0x00, 0x00, 0x00, 0x80,
                                                                    0x00, 0x83, 0x01, 0x00, 0x00, 0x00, 0x00, 0x00, 0x00, 0x00, 0x00, 0x00, 0x00, 0x00, 0x00, 0x00,
                                                                    0x00, 0x7c, 0x00, 0x00, 0x00, 0x00, 0x00, 0x00, 0x00, 0x00, 0x00, 0x00, 0x00, 0x00, 0x00, 0x80,
                                                                    0x00, 0x00, 0x00, 0x00, 0x00, 0x00, 0x00, 0x00, 0x00, 0x00, 0x00, 0x00, 0x00, 0x00, 0x00, 0x00,
                                                                    0xfc, 0xff, 0xff, 0xff, 0xff, 0xff, 0xff, 0xff, 0xff, 0xff, 0xff, 0xff, 0xff, 0xff, 0xff, 0x87,
                                                                    0x02, 0x3e, 0x00, 0x00, 0x00, 0x00, 0x00, 0x00, 0x00, 0x00, 0x00, 0x00, 0x00, 0x00, 0x00, 0x08,
                                                                    0x81, 0xc1, 0x00, 0x00, 0x00, 0x00, 0x00, 0x00, 0x00, 0x00, 0x00, 0x00, 0x00, 0x00, 0x00, 0xd0,
                                                                    0x61, 0x00, 0x03, 0x00, 0x00, 0x00, 0x00, 0x00, 0x00, 0x00, 0x00, 0x00, 0x00, 0x00, 0x00, 0xd0,
                                                                    0x11, 0x0c, 0x04, 0x00, 0x00, 0x00, 0x00, 0x00, 0x00, 0x00, 0x00, 0x00, 0x00, 0x00, 0x00, 0xd0,
                                                                    0x11, 0x06, 0x04, 0xf0, 0xf8, 0xf9, 0xf0, 0xf0, 0x00, 0x00, 0x00, 0x00, 0x00, 0x00, 0x00, 0xd0,
                                                                    0x09, 0x03, 0x08, 0x98, 0x61, 0x98, 0x99, 0x99, 0x01, 0x00, 0x00, 0x00, 0x00, 0x00, 0x00, 0xd0,
                                                                    0x89, 0x01, 0x08, 0x98, 0x61, 0x98, 0x99, 0x19, 0x00, 0x00, 0x00, 0x00, 0x00, 0x00, 0x00, 0xd0,
                                                                    0xc5, 0x00, 0x10, 0x98, 0x61, 0x98, 0x99, 0x19, 0x00, 0x00, 0x00, 0x00, 0x00, 0x00, 0x00, 0xd0,
                                                                    0x65, 0x00, 0x10, 0x98, 0x61, 0xf8, 0x98, 0xf1, 0x00, 0x00, 0x00, 0x00, 0x00, 0x00, 0x00, 0x10,
                                                                    0xf5, 0xff, 0x11, 0xf8, 0x61, 0x78, 0xf8, 0x81, 0x01, 0x00, 0x00, 0x00, 0x00, 0x00, 0x00, 0x90,
                                                                    0x65, 0x00, 0x10, 0x98, 0x61, 0xd8, 0x98, 0x81, 0x01, 0x00, 0x00, 0x00, 0x00, 0x00, 0x00, 0x10,
                                                                    0xc5, 0x00, 0x10, 0x98, 0x61, 0x98, 0x99, 0x99, 0x01, 0x00, 0x00, 0x00, 0x00, 0x00, 0x00, 0x90,
                                                                    0x89, 0x01, 0x08, 0x98, 0x61, 0x98, 0x99, 0xf1, 0x00, 0x00, 0x00, 0x00, 0x00, 0x00, 0x00, 0x10,
                                                                    0x09, 0x03, 0x08, 0x00, 0x00, 0x00, 0x00, 0x00, 0x00, 0x00, 0x00, 0x00, 0x00, 0x00, 0x00, 0x90,
                                                                    0x11, 0x06, 0x04, 0x00, 0x00, 0x00, 0x00, 0x00, 0x00, 0x00, 0x00, 0x00, 0x00, 0x00, 0x00, 0x10,
                                                                    0x11, 0x0c, 0x04, 0x00, 0x00, 0x00, 0x00, 0x00, 0x00, 0x00, 0x00, 0x00, 0x00, 0x00, 0x00, 0x90,
                                                                    0x61, 0x00, 0x03, 0x00, 0x00, 0x00, 0x00, 0x00, 0x00, 0x00, 0x00, 0x00, 0x00, 0x00, 0x00, 0x10,
                                                                    0x82, 0xc1, 0x00, 0x00, 0x00, 0x00, 0x00, 0x00, 0x00, 0x00, 0x00, 0x00, 0x00, 0x00, 0x00, 0x88,
                                                                    0xfc, 0xff, 0xff, 0xff, 0xff, 0xff, 0xff, 0xff, 0xff, 0xff, 0xff, 0xff, 0xff, 0xff, 0xff, 0x07};
const unsigned char Imagenes::BORRAR_INJ[] PROGMEM = {0x00, 0x00, 0x00, 0x00, 0x00, 0x00, 0x00, 0x00, 0x00, 0x00, 0x00, 0x00, 0x00, 0x00, 0x00, 0x00,
                                                      0x00, 0x00, 0x00, 0x00, 0x00, 0x00, 0x00, 0x00, 0x00, 0x00, 0x00, 0x00, 0x00, 0x00, 0x00, 0x80,
                                                      0x00, 0x3e, 0x00, 0x00, 0x00, 0x00, 0x00, 0x00, 0x00, 0x00, 0x00, 0x00, 0x00, 0x00, 0x00, 0x00,
                                                      0x80, 0xc1, 0x00, 0x00, 0x00, 0x00, 0x00, 0x00, 0x00, 0x00, 0x00, 0x00, 0x00, 0x00, 0x00, 0x80,
                                                      0x60, 0x00, 0x03, 0x00, 0x00, 0x00, 0x00, 0x00, 0x00, 0x00, 0x00, 0x00, 0x00, 0x00, 0x00, 0x00,
                                                      0x10, 0x08, 0x04, 0x00, 0x00, 0x00, 0x00, 0x00, 0x00, 0x00, 0x00, 0x00, 0x00, 0x00, 0x00, 0x80,
                                                      0x10, 0x08, 0x04, 0x38, 0x1c, 0x8f, 0x8f, 0xc3, 0xf1, 0x00, 0x22, 0x02, 0x01, 0x00, 0x00, 0x00,
                                                      0x08, 0x08, 0x08, 0x44, 0x22, 0x91, 0x40, 0x24, 0x12, 0x01, 0x22, 0x02, 0x01, 0x00, 0x00, 0x80,
                                                      0x08, 0x08, 0x08, 0x44, 0x02, 0x91, 0x40, 0x20, 0x12, 0x01, 0x22, 0x02, 0x01, 0x00, 0x00, 0x00,
                                                      0x04, 0x08, 0x10, 0x44, 0x02, 0x91, 0x40, 0x20, 0x12, 0x01, 0x62, 0x02, 0x01, 0x00, 0x00, 0x80,
                                                      0x04, 0x08, 0x10, 0x44, 0x32, 0x8f, 0x43, 0x26, 0xf2, 0x00, 0xa2, 0x02, 0x01, 0x00, 0x00, 0x00,
                                                      0xe4, 0xff, 0x13, 0x7c, 0x22, 0x85, 0x40, 0xe4, 0x53, 0x00, 0x22, 0x03, 0x01, 0x00, 0x00, 0x80,
                                                      0x04, 0x08, 0x10, 0x44, 0x22, 0x89, 0x40, 0x24, 0x92, 0x00, 0x22, 0x02, 0x01, 0x00, 0x00, 0x00,
                                                      0x04, 0x08, 0x10, 0x44, 0x22, 0x91, 0x40, 0x24, 0x12, 0x01, 0x22, 0x12, 0x01, 0x00, 0x00, 0x80,
                                                      0x08, 0x08, 0x08, 0x44, 0x3c, 0x91, 0x8f, 0x27, 0x12, 0x01, 0x22, 0xe2, 0x00, 0x00, 0x00, 0x00,
                                                      0x08, 0x08, 0x08, 0x00, 0x00, 0x00, 0x00, 0x00, 0x00, 0x00, 0x00, 0x00, 0x00, 0x00, 0x00, 0x80,
                                                      0x10, 0x08, 0x04, 0x00, 0x00, 0x00, 0x00, 0x00, 0x00, 0x7c, 0x00, 0x00, 0x00, 0x00, 0x00, 0x00,
                                                      0x10, 0x08, 0x04, 0x00, 0x00, 0x00, 0x00, 0x00, 0x00, 0x00, 0x00, 0x00, 0x00, 0x00, 0x00, 0x80,
                                                      0x60, 0x00, 0x03, 0x00, 0x00, 0x00, 0x00, 0x00, 0x00, 0x00, 0x00, 0x00, 0x00, 0x00, 0x00, 0x00,
                                                      0x80, 0xc1, 0x00, 0x00, 0x00, 0x00, 0x00, 0x00, 0x00, 0x00, 0x00, 0x00, 0x00, 0x00, 0x00, 0x80,
                                                      0x00, 0x3e, 0x00, 0x00, 0x00, 0x00, 0x00, 0x00, 0x00, 0x00, 0x00, 0x00, 0x00, 0x00, 0x00, 0x00,
                                                      0x00, 0x00, 0x00, 0x00, 0x00, 0x00, 0x00, 0x00, 0x00, 0x00, 0x00, 0x00, 0x00, 0x00, 0x00, 0x80,
                                                      0x00, 0x00, 0x00, 0x00, 0x00, 0x00, 0x00, 0x00, 0x00, 0x00, 0x00, 0x00, 0x00, 0x00, 0x00, 0x00,
                                                      0xfc, 0xff, 0xff, 0xff, 0xff, 0xff, 0xff, 0xff, 0xff, 0xff, 0xff, 0xff, 0xff, 0xff, 0xff, 0x87,
                                                      0x02, 0x3e, 0x00, 0x00, 0x00, 0x00, 0x00, 0x00, 0x00, 0x00, 0x00, 0x00, 0x00, 0x00, 0x00, 0x08,
                                                      0x81, 0xc1, 0x00, 0x00, 0x00, 0x00, 0x00, 0x00, 0x00, 0x00, 0x00, 0x00, 0x00, 0x00, 0x00, 0xd0,
                                                      0x61, 0x00, 0x03, 0x00, 0x00, 0x00, 0x00, 0x00, 0x00, 0x00, 0x00, 0x00, 0x00, 0x00, 0x00, 0xd0,
                                                      0x11, 0x00, 0x04, 0x00, 0x00, 0x00, 0x00, 0x00, 0x00, 0x00, 0x00, 0x00, 0x00, 0x00, 0x00, 0xd0,
                                                      0x11, 0x00, 0x04, 0x7c, 0x78, 0x7c, 0x7c, 0x78, 0x7c, 0x00, 0x63, 0x06, 0x06, 0x00, 0x00, 0xd0,
                                                      0x09, 0x00, 0x08, 0xcc, 0xcc, 0xcc, 0xcc, 0xcc, 0xcc, 0x00, 0x63, 0x06, 0x06, 0x00, 0x00, 0xd0,
                                                      0x09, 0x00, 0x08, 0xcc, 0xcc, 0xcc, 0xcc, 0xcc, 0xcc, 0x00, 0x63, 0x06, 0x06, 0x00, 0x00, 0xd0,
                                                      0x05, 0x00, 0x10, 0xcc, 0xcc, 0xcc, 0xcc, 0xcc, 0xcc, 0x00, 0xe3, 0x06, 0x06, 0x00, 0x00, 0xd0,
                                                      0x05, 0x00, 0x10, 0x7c, 0xcc, 0x7c, 0x7c, 0xcc, 0x7c, 0x00, 0xe3, 0x07, 0x06, 0x00, 0x00, 0x10,
                                                      0xf5, 0xff, 0x17, 0xcc, 0xcc, 0x3c, 0x3c, 0xfc, 0x3c, 0x00, 0x63, 0x07, 0x06, 0x00, 0x00, 0x90,
                                                      0x05, 0x00, 0x10, 0xcc, 0xcc, 0x6c, 0x6c, 0xcc, 0x6c, 0x00, 0x63, 0x06, 0x06, 0x00, 0x00, 0x10,
                                                      0x05, 0x00, 0x10, 0xcc, 0xcc, 0xcc, 0xcc, 0xcc, 0xcc, 0x00, 0x63, 0x66, 0x06, 0x00, 0x00, 0x90,
                                                      0x09, 0x00, 0x08, 0x7c, 0x78, 0xcc, 0xcc, 0xcc, 0xcc, 0x00, 0x63, 0xc6, 0x03, 0x00, 0x00, 0x10,
                                                      0x09, 0x00, 0x08, 0x00, 0x00, 0x00, 0x00, 0x00, 0x00, 0x00, 0x00, 0x00, 0x00, 0x00, 0x00, 0x90,
                                                      0x11, 0x00, 0x04, 0x00, 0x00, 0x00, 0x00, 0x00, 0x00, 0x3e, 0x00, 0x00, 0x00, 0x00, 0x00, 0x10,
                                                      0x11, 0x00, 0x04, 0x00, 0x00, 0x00, 0x00, 0x00, 0x00, 0x00, 0x00, 0x00, 0x00, 0x00, 0x00, 0x90,
                                                      0x61, 0x00, 0x03, 0x00, 0x00, 0x00, 0x00, 0x00, 0x00, 0x00, 0x00, 0x00, 0x00, 0x00, 0x00, 0x10,
                                                      0x82, 0xc1, 0x00, 0x00, 0x00, 0x00, 0x00, 0x00, 0x00, 0x00, 0x00, 0x00, 0x00, 0x00, 0x00, 0x88,
                                                      0xfc, 0xff, 0xff, 0xff, 0xff, 0xff, 0xff, 0xff, 0xff, 0xff, 0xff, 0xff, 0xff, 0xff, 0xff, 0x07,
                                                      0xfc, 0xff, 0xff, 0xff, 0xff, 0xff, 0xff, 0xff, 0xff, 0xff, 0xff, 0xff, 0xff, 0xff, 0xff, 0x87,
                                                      0x00, 0x00, 0x00, 0x00, 0x00, 0x00, 0x00, 0x00, 0x00, 0x00, 0x00, 0x00, 0x00, 0x00, 0x00, 0x00,
                                                      0x00, 0x3e, 0x00, 0x00, 0x00, 0x00, 0x00, 0x00, 0x00, 0x00, 0x00, 0x00, 0x00, 0x00, 0x00, 0x80,
                                                      0x80, 0xc1, 0x00, 0x00, 0x00, 0x00, 0x00, 0x00, 0x00, 0x00, 0x00, 0x00, 0x00, 0x00, 0x00, 0x00,
                                                      0x60, 0x00, 0x03, 0x00, 0x00, 0x00, 0x00, 0x00, 0x00, 0x00, 0x00, 0x00, 0x00, 0x00, 0x00, 0x80,
                                                      0x10, 0x0c, 0x04, 0x00, 0x00, 0x00, 0x00, 0x00, 0x00, 0x00, 0x00, 0x00, 0x00, 0x00, 0x00, 0x00,
                                                      0x10, 0x06, 0x04, 0x70, 0x7c, 0x1e, 0x0e, 0x07, 0x00, 0x00, 0x00, 0x00, 0x00, 0x00, 0x00, 0x80,
                                                      0x08, 0x03, 0x08, 0x88, 0x10, 0x22, 0x91, 0x08, 0x00, 0x00, 0x00, 0x00, 0x00, 0x00, 0x00, 0x00,
                                                      0x88, 0x01, 0x08, 0x88, 0x10, 0x22, 0x91, 0x00, 0x00, 0x00, 0x00, 0x00, 0x00, 0x00, 0x00, 0x80,
                                                      0xc4, 0x00, 0x10, 0x88, 0x10, 0x22, 0x91, 0x00, 0x00, 0x00, 0x00, 0x00, 0x00, 0x00, 0x00, 0x00,
                                                      0x64, 0x00, 0x10, 0x88, 0x10, 0x1e, 0x11, 0x07, 0x00, 0x00, 0x00, 0x00, 0x00, 0x00, 0x00, 0x80,
                                                      0xf4, 0xff, 0x11, 0xf8, 0x10, 0x0a, 0x1f, 0x08, 0x00, 0x00, 0x00, 0x00, 0x00, 0x00, 0x00, 0x00,
                                                      0x64, 0x00, 0x10, 0x88, 0x10, 0x12, 0x11, 0x08, 0x00, 0x00, 0x00, 0x00, 0x00, 0x00, 0x00, 0x80,
                                                      0xc4, 0x00, 0x10, 0x88, 0x10, 0x22, 0x91, 0x08, 0x00, 0x00, 0x00, 0x00, 0x00, 0x00, 0x00, 0x00,
                                                      0x88, 0x01, 0x08, 0x88, 0x10, 0x22, 0x11, 0x07, 0x00, 0x00, 0x00, 0x00, 0x00, 0x00, 0x00, 0x80,
                                                      0x08, 0x03, 0x08, 0x00, 0x00, 0x00, 0x00, 0x00, 0x00, 0x00, 0x00, 0x00, 0x00, 0x00, 0x00, 0x00,
                                                      0x10, 0x06, 0x04, 0x00, 0x00, 0x00, 0x00, 0x00, 0x00, 0x00, 0x00, 0x00, 0x00, 0x00, 0x00, 0x80,
                                                      0x10, 0x0c, 0x04, 0x00, 0x00, 0x00, 0x00, 0x00, 0x00, 0x00, 0x00, 0x00, 0x00, 0x00, 0x00, 0x00,
                                                      0x60, 0x00, 0x03, 0x00, 0x00, 0x00, 0x00, 0x00, 0x00, 0x00, 0x00, 0x00, 0x00, 0x00, 0x00, 0x80,
                                                      0x80, 0xc1, 0x00, 0x00, 0x00, 0x00, 0x00, 0x00, 0x00, 0x00, 0x00, 0x00, 0x00, 0x00, 0x00, 0x00,
                                                      0x00, 0x3e, 0x00, 0x00, 0x00, 0x00, 0x00, 0x00, 0x00, 0x00, 0x00, 0x00, 0x00, 0x00, 0x00, 0x80};
const unsigned char Imagenes::AGREGAR_INJ[] PROGMEM = {0x00, 0x00, 0x00, 0x00, 0x00, 0x00, 0x00, 0x00, 0x00, 0x00, 0x00, 0x00, 0x00, 0x00, 0x00, 0x00,
                                                       0xfc, 0xff, 0xff, 0xff, 0xff, 0xff, 0xff, 0xff, 0xff, 0xff, 0xff, 0xff, 0xff, 0xff, 0xff, 0x87,
                                                       0x02, 0x3e, 0x00, 0x00, 0x00, 0x00, 0x00, 0x00, 0x00, 0x00, 0x00, 0x00, 0x00, 0x00, 0x00, 0x08,
                                                       0x81, 0xc1, 0x00, 0x00, 0x00, 0x00, 0x00, 0x00, 0x00, 0x00, 0x00, 0x00, 0x00, 0x00, 0x00, 0xd0,
                                                       0x61, 0x00, 0x03, 0x00, 0x00, 0x00, 0x00, 0x00, 0x00, 0x00, 0x00, 0x00, 0x00, 0x00, 0x00, 0xd0,
                                                       0x11, 0x08, 0x04, 0x00, 0x00, 0x00, 0x00, 0x00, 0x00, 0x00, 0x00, 0x00, 0x00, 0x00, 0x00, 0xd0,
                                                       0x11, 0x08, 0x04, 0x00, 0x00, 0x00, 0x00, 0x00, 0x00, 0x00, 0x00, 0x00, 0x00, 0x00, 0x00, 0xd0,
                                                       0x09, 0x08, 0x08, 0x78, 0x78, 0x7c, 0xfc, 0x78, 0x78, 0x7c, 0x00, 0x63, 0x06, 0x06, 0x00, 0xd0,
                                                       0x09, 0x08, 0x08, 0xcc, 0xcc, 0xcc, 0x0c, 0xcc, 0xcc, 0xcc, 0x00, 0x63, 0x06, 0x06, 0x00, 0xd0,
                                                       0x05, 0x08, 0x10, 0xcc, 0x0c, 0xcc, 0x0c, 0x0c, 0xcc, 0xcc, 0x00, 0x63, 0x06, 0x06, 0x00, 0xd0,
                                                       0x05, 0x08, 0x10, 0xcc, 0x0c, 0xcc, 0x0c, 0x0c, 0xcc, 0xcc, 0x00, 0xe3, 0x06, 0x06, 0x00, 0x10,
                                                       0xe5, 0xff, 0x13, 0xcc, 0xec, 0x7c, 0x3c, 0xec, 0xcc, 0x7c, 0x00, 0xe3, 0x07, 0x06, 0x00, 0x90,
                                                       0x05, 0x08, 0x10, 0xfc, 0xcc, 0x3c, 0x0c, 0xcc, 0xfc, 0x3c, 0x00, 0x63, 0x07, 0x06, 0x00, 0x10,
                                                       0x05, 0x08, 0x10, 0xcc, 0xcc, 0x6c, 0x0c, 0xcc, 0xcc, 0x6c, 0x00, 0x63, 0x06, 0x06, 0x00, 0x90,
                                                       0x09, 0x08, 0x08, 0xcc, 0xcc, 0xcc, 0x0c, 0xcc, 0xcc, 0xcc, 0x00, 0x63, 0x66, 0x06, 0x00, 0x10,
                                                       0x09, 0x08, 0x08, 0xcc, 0xf8, 0xcc, 0xfc, 0xf8, 0xcc, 0xcc, 0x00, 0x63, 0xc6, 0x03, 0x00, 0x90,
                                                       0x11, 0x08, 0x04, 0x00, 0x00, 0x00, 0x00, 0x00, 0x00, 0x00, 0x00, 0x00, 0x00, 0x00, 0x00, 0x10,
                                                       0x11, 0x08, 0x04, 0x00, 0x00, 0x00, 0x00, 0x00, 0x00, 0x00, 0x3e, 0x00, 0x00, 0x00, 0x00, 0x90,
                                                       0x61, 0x00, 0x03, 0x00, 0x00, 0x00, 0x00, 0x00, 0x00, 0x00, 0x00, 0x00, 0x00, 0x00, 0x00, 0x10,
                                                       0x82, 0xc1, 0x00, 0x00, 0x00, 0x00, 0x00, 0x00, 0x00, 0x00, 0x00, 0x00, 0x00, 0x00, 0x00, 0x88,
                                                       0xfc, 0xff, 0xff, 0xff, 0xff, 0xff, 0xff, 0xff, 0xff, 0xff, 0xff, 0xff, 0xff, 0xff, 0xff, 0x07,
                                                       0xfc, 0xff, 0xff, 0xff, 0xff, 0xff, 0xff, 0xff, 0xff, 0xff, 0xff, 0xff, 0xff, 0xff, 0xff, 0x87,
                                                       0x00, 0x00, 0x00, 0x00, 0x00, 0x00, 0x00, 0x00, 0x00, 0x00, 0x00, 0x00, 0x00, 0x00, 0x00, 0x00,
                                                       0x00, 0x00, 0x00, 0x00, 0x00, 0x00, 0x00, 0x00, 0x00, 0x00, 0x00, 0x00, 0x00, 0x00, 0x00, 0x80,
                                                       0x00, 0x3e, 0x00, 0x00, 0x00, 0x00, 0x00, 0x00, 0x00, 0x00, 0x00, 0x00, 0x00, 0x00, 0x00, 0x00,
                                                       0x80, 0xc1, 0x00, 0x00, 0x00, 0x00, 0x00, 0x00, 0x00, 0x00, 0x00, 0x00, 0x00, 0x00, 0x00, 0x80,
                                                       0x60, 0x00, 0x03, 0x00, 0x00, 0x00, 0x00, 0x00, 0x00, 0x00, 0x00, 0x00, 0x00, 0x00, 0x00, 0x00,
                                                       0x10, 0x00, 0x04, 0x00, 0x00, 0x00, 0x00, 0x00, 0x00, 0x00, 0x00, 0x00, 0x00, 0x00, 0x00, 0x80,
                                                       0x10, 0x00, 0x04, 0x3c, 0x1c, 0x8f, 0x87, 0xe3, 0x01, 0x44, 0x04, 0x02, 0x00, 0x00, 0x00, 0x00,
                                                       0x08, 0x00, 0x08, 0x44, 0x22, 0x91, 0x48, 0x24, 0x02, 0x44, 0x04, 0x02, 0x00, 0x00, 0x00, 0x80,
                                                       0x08, 0x00, 0x08, 0x44, 0x22, 0x91, 0x48, 0x24, 0x02, 0x44, 0x04, 0x02, 0x00, 0x00, 0x00, 0x00,
                                                       0x04, 0x00, 0x10, 0x44, 0x22, 0x91, 0x48, 0x24, 0x02, 0xc4, 0x04, 0x02, 0x00, 0x00, 0x00, 0x80,
                                                       0x04, 0x00, 0x10, 0x3c, 0x22, 0x8f, 0x47, 0xe4, 0x01, 0x44, 0x05, 0x02, 0x00, 0x00, 0x00, 0x00,
                                                       0xf4, 0xff, 0x17, 0x44, 0x22, 0x85, 0xc2, 0xa7, 0x00, 0x44, 0x06, 0x02, 0x00, 0x00, 0x00, 0x80,
                                                       0x04, 0x00, 0x10, 0x44, 0x22, 0x89, 0x44, 0x24, 0x01, 0x44, 0x04, 0x02, 0x00, 0x00, 0x00, 0x00,
                                                       0x04, 0x00, 0x10, 0x44, 0x22, 0x91, 0x48, 0x24, 0x02, 0x44, 0x24, 0x02, 0x00, 0x00, 0x00, 0x80,
                                                       0x08, 0x00, 0x08, 0x3c, 0x1c, 0x91, 0x48, 0x24, 0x02, 0x44, 0xc4, 0x01, 0x00, 0x00, 0x00, 0x00,
                                                       0x08, 0x00, 0x08, 0x00, 0x00, 0x00, 0x00, 0x00, 0x00, 0x00, 0x00, 0x00, 0x00, 0x00, 0x00, 0x80,
                                                       0x10, 0x00, 0x04, 0x00, 0x00, 0x00, 0x00, 0x00, 0xf8, 0x00, 0x00, 0x00, 0x00, 0x00, 0x00, 0x00,
                                                       0x10, 0x00, 0x04, 0x00, 0x00, 0x00, 0x00, 0x00, 0x00, 0x00, 0x00, 0x00, 0x00, 0x00, 0x00, 0x80,
                                                       0x60, 0x00, 0x03, 0x00, 0x00, 0x00, 0x00, 0x00, 0x00, 0x00, 0x00, 0x00, 0x00, 0x00, 0x00, 0x00,
                                                       0x80, 0xc1, 0x00, 0x00, 0x00, 0x00, 0x00, 0x00, 0x00, 0x00, 0x00, 0x00, 0x00, 0x00, 0x00, 0x80,
                                                       0x00, 0x3e, 0x00, 0x00, 0x00, 0x00, 0x00, 0x00, 0x00, 0x00, 0x00, 0x00, 0x00, 0x00, 0x00, 0x00,
                                                       0x00, 0x00, 0x00, 0x00, 0x00, 0x00, 0x00, 0x00, 0x00, 0x00, 0x00, 0x00, 0x00, 0x00, 0x00, 0x80,
                                                       0x00, 0x00, 0x00, 0x00, 0x00, 0x00, 0x00, 0x00, 0x00, 0x00, 0x00, 0x00, 0x00, 0x00, 0x00, 0x00,
                                                       0x00, 0x3e, 0x00, 0x00, 0x00, 0x00, 0x00, 0x00, 0x00, 0x00, 0x00, 0x00, 0x00, 0x00, 0x00, 0x80,
                                                       0x80, 0xc1, 0x00, 0x00, 0x00, 0x00, 0x00, 0x00, 0x00, 0x00, 0x00, 0x00, 0x00, 0x00, 0x00, 0x00,
                                                       0x60, 0x00, 0x03, 0x00, 0x00, 0x00, 0x00, 0x00, 0x00, 0x00, 0x00, 0x00, 0x00, 0x00, 0x00, 0x80,
                                                       0x10, 0x0c, 0x04, 0x00, 0x00, 0x00, 0x00, 0x00, 0x00, 0x00, 0x00, 0x00, 0x00, 0x00, 0x00, 0x00,
                                                       0x10, 0x06, 0x04, 0x70, 0x7c, 0x1e, 0x0e, 0x07, 0x00, 0x00, 0x00, 0x00, 0x00, 0x00, 0x00, 0x80,
                                                       0x08, 0x03, 0x08, 0x88, 0x10, 0x22, 0x91, 0x08, 0x00, 0x00, 0x00, 0x00, 0x00, 0x00, 0x00, 0x00,
                                                       0x88, 0x01, 0x08, 0x88, 0x10, 0x22, 0x91, 0x00, 0x00, 0x00, 0x00, 0x00, 0x00, 0x00, 0x00, 0x80,
                                                       0xc4, 0x00, 0x10, 0x88, 0x10, 0x22, 0x91, 0x00, 0x00, 0x00, 0x00, 0x00, 0x00, 0x00, 0x00, 0x00,
                                                       0x64, 0x00, 0x10, 0x88, 0x10, 0x1e, 0x11, 0x07, 0x00, 0x00, 0x00, 0x00, 0x00, 0x00, 0x00, 0x80,
                                                       0xf4, 0xff, 0x11, 0xf8, 0x10, 0x0a, 0x1f, 0x08, 0x00, 0x00, 0x00, 0x00, 0x00, 0x00, 0x00, 0x00,
                                                       0x64, 0x00, 0x10, 0x88, 0x10, 0x12, 0x11, 0x08, 0x00, 0x00, 0x00, 0x00, 0x00, 0x00, 0x00, 0x80,
                                                       0xc4, 0x00, 0x10, 0x88, 0x10, 0x22, 0x91, 0x08, 0x00, 0x00, 0x00, 0x00, 0x00, 0x00, 0x00, 0x00,
                                                       0x88, 0x01, 0x08, 0x88, 0x10, 0x22, 0x11, 0x07, 0x00, 0x00, 0x00, 0x00, 0x00, 0x00, 0x00, 0x80,
                                                       0x08, 0x03, 0x08, 0x00, 0x00, 0x00, 0x00, 0x00, 0x00, 0x00, 0x00, 0x00, 0x00, 0x00, 0x00, 0x00,
                                                       0x10, 0x06, 0x04, 0x00, 0x00, 0x00, 0x00, 0x00, 0x00, 0x00, 0x00, 0x00, 0x00, 0x00, 0x00, 0x80,
                                                       0x10, 0x0c, 0x04, 0x00, 0x00, 0x00, 0x00, 0x00, 0x00, 0x00, 0x00, 0x00, 0x00, 0x00, 0x00, 0x00,
                                                       0x60, 0x00, 0x03, 0x00, 0x00, 0x00, 0x00, 0x00, 0x00, 0x00, 0x00, 0x00, 0x00, 0x00, 0x00, 0x80,
                                                       0x80, 0xc1, 0x00, 0x00, 0x00, 0x00, 0x00, 0x00, 0x00, 0x00, 0x00, 0x00, 0x00, 0x00, 0x00, 0x00,
                                                       0x00, 0x3e, 0x00, 0x00, 0x00, 0x00, 0x00, 0x00, 0x00, 0x00, 0x00, 0x00, 0x00, 0x00, 0x00, 0x80};
const unsigned char Imagenes::prueba_medir_resistencia[] PROGMEM = {0x00, 0x00, 0x00, 0x00, 0x00, 0x00, 0x00, 0x00, 0x00, 0x00, 0x00, 0x00, 0x00, 0x00, 0x00, 0x00, 
	0xfc, 0xff, 0xff, 0xff, 0xff, 0xff, 0xff, 0xff, 0xff, 0xff, 0xff, 0xff, 0xff, 0xff, 0xff, 0x87, 
	0x02, 0x00, 0x00, 0x00, 0x00, 0x00, 0x00, 0x00, 0x00, 0x00, 0x00, 0x00, 0x00, 0x00, 0x00, 0x08, 
	0x01, 0x00, 0x00, 0x00, 0x00, 0x00, 0x00, 0x00, 0x00, 0x00, 0x00, 0x00, 0x00, 0x00, 0x00, 0xd0, 
	0x01, 0x00, 0x00, 0x00, 0x00, 0x00, 0x00, 0x00, 0x00, 0x00, 0x00, 0x00, 0x00, 0x00, 0x00, 0xd0, 
	0x01, 0x00, 0x00, 0x00, 0x00, 0x00, 0x00, 0x00, 0x00, 0x00, 0x00, 0x00, 0x00, 0x00, 0x00, 0xd0, 
	0x01, 0x00, 0x00, 0x00, 0x00, 0x00, 0x00, 0x00, 0x00, 0x00, 0x00, 0x00, 0x00, 0x00, 0x00, 0xd0, 
	0x01, 0x00, 0x00, 0x8c, 0x01, 0x3e, 0x00, 0x00, 0x0c, 0x00, 0x00, 0x00, 0x80, 0x01, 0x00, 0xd0, 
	0x2d, 0x00, 0x0d, 0x8c, 0x01, 0x66, 0x00, 0x00, 0x00, 0x03, 0x00, 0x00, 0x00, 0x00, 0x00, 0xd0, 
	0x6d, 0x80, 0x0d, 0xdc, 0x01, 0x66, 0x3c, 0x3c, 0x8c, 0x8f, 0xc7, 0x87, 0x87, 0xe1, 0xe1, 0xd1, 
	0xed, 0xed, 0x0d, 0xfc, 0x01, 0x66, 0x66, 0x66, 0x0c, 0xc3, 0xcc, 0xcc, 0x8c, 0x31, 0x33, 0x13, 
	0xef, 0xed, 0x1d, 0xac, 0x01, 0x3e, 0x66, 0x06, 0x0c, 0xc3, 0xcc, 0xcc, 0x80, 0x01, 0x33, 0x90, 
	0xed, 0xed, 0x0d, 0x8c, 0x01, 0x1e, 0x7e, 0x3c, 0x0c, 0xc3, 0xcf, 0xcc, 0x80, 0xe1, 0xe3, 0x11, 
	0x6d, 0x80, 0x0d, 0x8c, 0x01, 0x36, 0x06, 0x60, 0x0c, 0xc3, 0xc0, 0xcc, 0x80, 0x31, 0x03, 0x93, 
	0x2d, 0x00, 0x0d, 0x8c, 0x01, 0x66, 0x66, 0x66, 0x0c, 0xc3, 0xcc, 0xcc, 0x8c, 0x31, 0x33, 0x13, 
	0x01, 0x00, 0x00, 0x8c, 0x31, 0x66, 0x3c, 0x3c, 0x0c, 0x8e, 0xc7, 0x8c, 0x87, 0xe1, 0xe3, 0x91, 
	0x01, 0x00, 0x00, 0x00, 0x00, 0x00, 0x00, 0x00, 0x00, 0x00, 0x00, 0x00, 0x00, 0x00, 0x00, 0x10, 
	0x01, 0x00, 0x00, 0x00, 0x00, 0x00, 0x00, 0x00, 0x00, 0x00, 0x00, 0x00, 0x00, 0x00, 0x00, 0x90, 
	0x01, 0x00, 0x00, 0x00, 0x00, 0x00, 0x00, 0x00, 0x00, 0x00, 0x00, 0x00, 0x00, 0x00, 0x00, 0x10, 
	0x02, 0x00, 0x00, 0x00, 0x00, 0x00, 0x00, 0x00, 0x00, 0x00, 0x00, 0x00, 0x00, 0x00, 0x00, 0x88, 
	0xfc, 0xff, 0xff, 0xff, 0xff, 0xff, 0xff, 0xff, 0xff, 0xff, 0xff, 0xff, 0xff, 0xff, 0xff, 0x07, 
	0xfc, 0xff, 0xff, 0xff, 0xff, 0xff, 0xff, 0xff, 0xff, 0xff, 0xff, 0xff, 0xff, 0xff, 0xff, 0x87, 
	0x00, 0x00, 0x00, 0x00, 0x00, 0x00, 0x00, 0x00, 0x00, 0x00, 0x00, 0x00, 0x00, 0x00, 0x00, 0x00, 
	0x00, 0x00, 0x00, 0x00, 0x00, 0x00, 0x00, 0x00, 0x00, 0x00, 0x00, 0x00, 0x00, 0x00, 0x00, 0x80, 
	0x00, 0x00, 0x00, 0x00, 0x00, 0x00, 0x00, 0x00, 0x00, 0x00, 0x00, 0x00, 0x00, 0x00, 0x00, 0x00, 
	0x00, 0x00, 0x00, 0x00, 0x00, 0x00, 0x00, 0x00, 0x00, 0x00, 0x00, 0x00, 0x00, 0x00, 0x00, 0x80, 
	0x00, 0x00, 0x00, 0x00, 0x00, 0x00, 0x00, 0x00, 0x00, 0x00, 0x00, 0x00, 0x00, 0x00, 0x00, 0x00, 
	0x00, 0x00, 0x00, 0x00, 0x00, 0x00, 0x00, 0x00, 0x00, 0x00, 0x00, 0x00, 0x00, 0x00, 0x00, 0x80, 
	0x2c, 0x00, 0x34, 0x00, 0x00, 0x00, 0x00, 0x00, 0x00, 0x00, 0x00, 0x00, 0x00, 0x00, 0x00, 0x00, 
	0xac, 0xff, 0x35, 0x82, 0x80, 0x0f, 0x00, 0x00, 0x00, 0x00, 0x00, 0x00, 0x00, 0x00, 0x00, 0x80, 
	0xa0, 0xff, 0x05, 0x82, 0x80, 0x00, 0x00, 0x00, 0x00, 0x00, 0x00, 0x00, 0x00, 0x00, 0x00, 0x00, 
	0xac, 0xff, 0x35, 0xc6, 0x80, 0x40, 0xc4, 0xe3, 0x70, 0x00, 0x00, 0x00, 0x00, 0x00, 0x00, 0x80, 
	0xac, 0xf7, 0x35, 0xaa, 0x80, 0x40, 0x24, 0x12, 0x89, 0x00, 0x00, 0x00, 0x00, 0x00, 0x00, 0x00, 
	0xa0, 0xef, 0x05, 0x92, 0x80, 0x43, 0x24, 0x02, 0x09, 0x00, 0x00, 0x00, 0x00, 0x00, 0x00, 0x80, 
	0xac, 0xcf, 0x35, 0x82, 0x80, 0x40, 0x24, 0xe2, 0x71, 0x00, 0x00, 0x00, 0x00, 0x00, 0x00, 0x00, 
	0x2c, 0x10, 0x34, 0x82, 0x80, 0x40, 0x24, 0x12, 0x81, 0x00, 0x00, 0x00, 0x00, 0x00, 0x00, 0x80, 
	0x00, 0x20, 0x00, 0x82, 0x80, 0x40, 0xc4, 0x13, 0x89, 0x00, 0x00, 0x00, 0x00, 0x00, 0x00, 0x00, 
	0x00, 0x10, 0x00, 0x82, 0x88, 0x80, 0x03, 0xe2, 0x71, 0x00, 0x00, 0x00, 0x00, 0x00, 0x00, 0x80, 
	0x00, 0x20, 0x00, 0x00, 0x00, 0x00, 0x20, 0x02, 0x00, 0x00, 0x00, 0x00, 0x00, 0x00, 0x00, 0x00, 
	0x00, 0x10, 0x00, 0x00, 0x00, 0x00, 0xc0, 0x01, 0x00, 0x00, 0x00, 0x00, 0x00, 0x00, 0x00, 0x80, 
	0x00, 0x20, 0x00, 0x00, 0x00, 0x00, 0x00, 0x00, 0x00, 0x00, 0x00, 0x00, 0x00, 0x00, 0x00, 0x00, 
	0x00, 0xfe, 0x01, 0x00, 0x00, 0x00, 0x00, 0x00, 0x00, 0x00, 0x00, 0x00, 0x00, 0x00, 0x00, 0x80, 
	0x80, 0xff, 0x07, 0x00, 0x00, 0x00, 0x00, 0x00, 0x00, 0x00, 0x00, 0x00, 0x00, 0x00, 0x00, 0x00, 
	0x00, 0x00, 0x00, 0x00, 0x00, 0x00, 0x00, 0x00, 0x00, 0x00, 0x00, 0x00, 0x00, 0x00, 0x00, 0x80, 
	0x00, 0x00, 0x00, 0x00, 0x00, 0x00, 0x00, 0x00, 0x00, 0x00, 0x00, 0x00, 0x00, 0x00, 0x00, 0x00, 
	0x00, 0x00, 0x00, 0x00, 0x00, 0x00, 0x00, 0x00, 0x00, 0x00, 0x00, 0x00, 0x00, 0x00, 0x00, 0x80, 
	0x00, 0x00, 0x00, 0x00, 0x00, 0x00, 0x00, 0x00, 0x00, 0x00, 0x00, 0x00, 0x00, 0x00, 0x00, 0x00, 
	0x00, 0x00, 0x00, 0x00, 0x00, 0x00, 0x00, 0x00, 0x00, 0x00, 0x00, 0x00, 0x00, 0x00, 0x00, 0x80, 
	0x00, 0x02, 0x00, 0x00, 0x00, 0x00, 0x00, 0x00, 0x00, 0x00, 0x00, 0x00, 0x00, 0x00, 0x00, 0x00, 
	0x00, 0x03, 0x00, 0x00, 0x00, 0x00, 0x00, 0x00, 0x00, 0x00, 0x00, 0x00, 0x00, 0x00, 0x00, 0x80, 
	0x80, 0x03, 0x01, 0x00, 0x00, 0x00, 0x00, 0x00, 0x00, 0x00, 0x00, 0x00, 0x00, 0x00, 0x00, 0x00, 
	0xc0, 0x22, 0x02, 0x08, 0x02, 0x1c, 0x01, 0xe1, 0x88, 0x00, 0x00, 0x00, 0x00, 0x00, 0x00, 0x80, 
	0x7c, 0x43, 0x04, 0x08, 0x02, 0x22, 0x01, 0x11, 0x89, 0x00, 0x00, 0x00, 0x00, 0x00, 0x00, 0x00, 
	0x8c, 0x8b, 0x04, 0x18, 0x03, 0x02, 0x01, 0x11, 0x48, 0x00, 0x00, 0x00, 0x00, 0x00, 0x00, 0x80, 
	0xfc, 0x93, 0x04, 0xa8, 0x02, 0x02, 0x01, 0x11, 0x28, 0x00, 0x00, 0x00, 0x00, 0x00, 0x00, 0x00, 
	0xfc, 0x93, 0x04, 0x48, 0x02, 0x02, 0x01, 0x11, 0x18, 0x00, 0x00, 0x00, 0x00, 0x00, 0x00, 0x80, 
	0xfc, 0x93, 0x04, 0x08, 0x02, 0x02, 0x01, 0x11, 0x28, 0x00, 0x00, 0x00, 0x00, 0x00, 0x00, 0x00, 
	0xfc, 0x8b, 0x04, 0x08, 0x02, 0x02, 0x01, 0x11, 0x48, 0x00, 0x00, 0x00, 0x00, 0x00, 0x00, 0x80, 
	0xfc, 0x43, 0x04, 0x08, 0x02, 0x22, 0x01, 0x11, 0x89, 0x00, 0x00, 0x00, 0x00, 0x00, 0x00, 0x00, 
	0xc0, 0x23, 0x04, 0x08, 0x22, 0x1c, 0x1f, 0xe1, 0x88, 0x00, 0x00, 0x00, 0x00, 0x00, 0x00, 0x80, 
	0x80, 0x03, 0x02, 0x00, 0x00, 0x00, 0x00, 0x00, 0x00, 0x00, 0x00, 0x00, 0x00, 0x00, 0x00, 0x00, 
	0x00, 0x03, 0x01, 0x00, 0x00, 0x00, 0x00, 0x00, 0x00, 0x00, 0x00, 0x00, 0x00, 0x00, 0x00, 0x80, 
	0x00, 0x02, 0x00, 0x00, 0x00, 0x00, 0x00, 0x00, 0x00, 0x00, 0x00, 0x00, 0x00, 0x00, 0x00, 0x00, 
	0x00, 0x00, 0x00, 0x00, 0x00, 0x00, 0x00, 0x00, 0x00, 0x00, 0x00, 0x00, 0x00, 0x00, 0x00, 0x80
};
const unsigned char Imagenes::prueba_fugas[] PROGMEM = {0x00, 0x00, 0x00, 0x00, 0x00, 0x00, 0x00, 0x00, 0x00, 0x00, 0x00, 0x00, 0x00, 0x00, 0x00, 0x00, 
	0x00, 0x00, 0x00, 0x00, 0x00, 0x00, 0x00, 0x00, 0x00, 0x00, 0x00, 0x00, 0x00, 0x00, 0x00, 0x80, 
	0x00, 0x00, 0x00, 0x00, 0x00, 0x00, 0x00, 0x00, 0x00, 0x00, 0x00, 0x00, 0x00, 0x00, 0x00, 0x00, 
	0x00, 0x00, 0x00, 0x00, 0x00, 0x00, 0x00, 0x00, 0x00, 0x00, 0x00, 0x00, 0x00, 0x00, 0x00, 0x80, 
	0x00, 0x00, 0x00, 0x00, 0x00, 0x00, 0x00, 0x00, 0x00, 0x00, 0x00, 0x00, 0x00, 0x00, 0x00, 0x00, 
	0x00, 0x00, 0x00, 0x00, 0x00, 0x00, 0x00, 0x00, 0x00, 0x00, 0x00, 0x00, 0x00, 0x00, 0x00, 0x80, 
	0x00, 0x00, 0x00, 0x00, 0x00, 0x00, 0x00, 0x00, 0x00, 0x00, 0x00, 0x00, 0x00, 0x00, 0x00, 0x00, 
	0x00, 0x00, 0x00, 0x04, 0x01, 0x0f, 0x00, 0x40, 0x00, 0x00, 0x00, 0x40, 0x00, 0x00, 0x00, 0x80, 
	0x2c, 0x00, 0x0d, 0x04, 0x01, 0x11, 0x00, 0x00, 0x08, 0x00, 0x00, 0x00, 0x00, 0x00, 0x00, 0x00, 
	0x6c, 0x80, 0x0d, 0x8c, 0x01, 0x11, 0x87, 0x43, 0x3c, 0x8e, 0x87, 0x43, 0x38, 0x1c, 0x00, 0x80, 
	0xec, 0xed, 0x0d, 0x54, 0x01, 0x91, 0x48, 0x44, 0x08, 0x91, 0x48, 0x44, 0x44, 0x22, 0x00, 0x00, 
	0xee, 0xed, 0x1d, 0x24, 0x01, 0x8f, 0x48, 0x40, 0x08, 0x91, 0x48, 0x40, 0x40, 0x02, 0x00, 0x80, 
	0xec, 0xed, 0x0d, 0x04, 0x01, 0x85, 0x8f, 0x43, 0x08, 0x9f, 0x48, 0x40, 0x78, 0x1c, 0x00, 0x00, 
	0x6c, 0x80, 0x0d, 0x04, 0x01, 0x89, 0x00, 0x44, 0x08, 0x81, 0x48, 0x40, 0x44, 0x20, 0x00, 0x80, 
	0x2c, 0x00, 0x0d, 0x04, 0x01, 0x91, 0x48, 0x44, 0x08, 0x91, 0x48, 0x44, 0x44, 0x22, 0x00, 0x00, 
	0x00, 0x00, 0x00, 0x04, 0x11, 0x11, 0x87, 0x43, 0x30, 0x8e, 0x88, 0x43, 0x78, 0x1c, 0x00, 0x80, 
	0x00, 0x00, 0x00, 0x00, 0x00, 0x00, 0x00, 0x00, 0x00, 0x00, 0x00, 0x00, 0x00, 0x00, 0x00, 0x00, 
	0x00, 0x00, 0x00, 0x00, 0x00, 0x00, 0x00, 0x00, 0x00, 0x00, 0x00, 0x00, 0x00, 0x00, 0x00, 0x80, 
	0x00, 0x00, 0x00, 0x00, 0x00, 0x00, 0x00, 0x00, 0x00, 0x00, 0x00, 0x00, 0x00, 0x00, 0x00, 0x00, 
	0x00, 0x00, 0x00, 0x00, 0x00, 0x00, 0x00, 0x00, 0x00, 0x00, 0x00, 0x00, 0x00, 0x00, 0x00, 0x80, 
	0x00, 0x00, 0x00, 0x00, 0x00, 0x00, 0x00, 0x00, 0x00, 0x00, 0x00, 0x00, 0x00, 0x00, 0x00, 0x00, 
	0x00, 0x00, 0x00, 0x00, 0x00, 0x00, 0x00, 0x00, 0x00, 0x00, 0x00, 0x00, 0x00, 0x00, 0x00, 0x80, 
	0x00, 0x00, 0x00, 0x00, 0x00, 0x00, 0x00, 0x00, 0x00, 0x00, 0x00, 0x00, 0x00, 0x00, 0x00, 0x00, 
	0xfc, 0xff, 0xff, 0xff, 0xff, 0xff, 0xff, 0xff, 0xff, 0xff, 0xff, 0xff, 0xff, 0xff, 0xff, 0x87, 
	0x02, 0x00, 0x00, 0x00, 0x00, 0x00, 0x00, 0x00, 0x00, 0x00, 0x00, 0x00, 0x00, 0x00, 0x00, 0x08, 
	0x01, 0x00, 0x00, 0x00, 0x00, 0x00, 0x00, 0x00, 0x00, 0x00, 0x00, 0x00, 0x00, 0x00, 0x00, 0xd0, 
	0x01, 0x00, 0x00, 0x00, 0x00, 0x00, 0x00, 0x00, 0x00, 0x00, 0x00, 0x00, 0x00, 0x00, 0x00, 0xd0, 
	0x01, 0x00, 0x00, 0x00, 0x00, 0x00, 0x00, 0x00, 0x00, 0x00, 0x00, 0x00, 0x00, 0x00, 0x00, 0xd0, 
	0x2d, 0x00, 0x34, 0x00, 0x00, 0x00, 0x00, 0x00, 0x00, 0x00, 0x00, 0x00, 0x00, 0x00, 0x00, 0xd0, 
	0xad, 0xff, 0x35, 0xc6, 0x00, 0x3f, 0x00, 0x00, 0x00, 0x00, 0x00, 0x00, 0x00, 0x00, 0x00, 0xd0, 
	0xa1, 0xff, 0x05, 0xc6, 0x00, 0x03, 0x00, 0x00, 0x00, 0x00, 0x00, 0x00, 0x00, 0x00, 0x00, 0xd0, 
	0xad, 0xff, 0x35, 0xee, 0x00, 0x03, 0x33, 0x3e, 0x1e, 0x1e, 0x00, 0x00, 0x00, 0x00, 0x00, 0xd0, 
	0xad, 0xf7, 0x35, 0xfe, 0x00, 0x03, 0x33, 0x33, 0x33, 0x33, 0x00, 0x00, 0x00, 0x00, 0x00, 0x10, 
	0xa1, 0xef, 0x05, 0xd6, 0x00, 0x0f, 0x33, 0x33, 0x30, 0x03, 0x00, 0x00, 0x00, 0x00, 0x00, 0x90, 
	0xad, 0xcf, 0x35, 0xc6, 0x00, 0x03, 0x33, 0x33, 0x3e, 0x1e, 0x00, 0x00, 0x00, 0x00, 0x00, 0x10, 
	0x2d, 0x10, 0x34, 0xc6, 0x00, 0x03, 0x33, 0x33, 0x33, 0x30, 0x00, 0x00, 0x00, 0x00, 0x00, 0x90, 
	0x01, 0x20, 0x00, 0xc6, 0x00, 0x03, 0x33, 0x3e, 0x33, 0x33, 0x00, 0x00, 0x00, 0x00, 0x00, 0x10, 
	0x01, 0x10, 0x00, 0xc6, 0x18, 0x03, 0x1e, 0x30, 0x3e, 0x1e, 0x00, 0x00, 0x00, 0x00, 0x00, 0x90, 
	0x01, 0x20, 0x00, 0x00, 0x00, 0x00, 0x00, 0x33, 0x00, 0x00, 0x00, 0x00, 0x00, 0x00, 0x00, 0x10, 
	0x01, 0x10, 0x00, 0x00, 0x00, 0x00, 0x00, 0x1e, 0x00, 0x00, 0x00, 0x00, 0x00, 0x00, 0x00, 0x90, 
	0x01, 0x20, 0x00, 0x00, 0x00, 0x00, 0x00, 0x00, 0x00, 0x00, 0x00, 0x00, 0x00, 0x00, 0x00, 0x10, 
	0x02, 0xfe, 0x01, 0x00, 0x00, 0x00, 0x00, 0x00, 0x00, 0x00, 0x00, 0x00, 0x00, 0x00, 0x00, 0x88, 
	0xfc, 0xff, 0xff, 0xff, 0xff, 0xff, 0xff, 0xff, 0xff, 0xff, 0xff, 0xff, 0xff, 0xff, 0xff, 0x07, 
	0xfc, 0xff, 0xff, 0xff, 0xff, 0xff, 0xff, 0xff, 0xff, 0xff, 0xff, 0xff, 0xff, 0xff, 0xff, 0x87, 
	0x00, 0x00, 0x00, 0x00, 0x00, 0x00, 0x00, 0x00, 0x00, 0x00, 0x00, 0x00, 0x00, 0x00, 0x00, 0x00, 
	0x00, 0x00, 0x00, 0x00, 0x00, 0x00, 0x00, 0x00, 0x00, 0x00, 0x00, 0x00, 0x00, 0x00, 0x00, 0x80, 
	0x00, 0x00, 0x00, 0x00, 0x00, 0x00, 0x00, 0x00, 0x00, 0x00, 0x00, 0x00, 0x00, 0x00, 0x00, 0x00, 
	0x00, 0x00, 0x00, 0x00, 0x00, 0x00, 0x00, 0x00, 0x00, 0x00, 0x00, 0x00, 0x00, 0x00, 0x00, 0x80, 
	0x00, 0x02, 0x00, 0x00, 0x00, 0x00, 0x00, 0x00, 0x00, 0x00, 0x00, 0x00, 0x00, 0x00, 0x00, 0x00, 
	0x00, 0x03, 0x00, 0x00, 0x00, 0x00, 0x00, 0x00, 0x00, 0x00, 0x00, 0x00, 0x00, 0x00, 0x00, 0x80, 
	0x80, 0x03, 0x01, 0x00, 0x00, 0x00, 0x00, 0x00, 0x00, 0x00, 0x00, 0x00, 0x00, 0x00, 0x00, 0x00, 
	0xc0, 0x22, 0x02, 0x08, 0x02, 0x1c, 0x01, 0xe1, 0x88, 0x00, 0x00, 0x00, 0x00, 0x00, 0x00, 0x80, 
	0x7c, 0x43, 0x04, 0x08, 0x02, 0x22, 0x01, 0x11, 0x89, 0x00, 0x00, 0x00, 0x00, 0x00, 0x00, 0x00, 
	0x8c, 0x8b, 0x04, 0x18, 0x03, 0x02, 0x01, 0x11, 0x48, 0x00, 0x00, 0x00, 0x00, 0x00, 0x00, 0x80, 
	0xfc, 0x93, 0x04, 0xa8, 0x02, 0x02, 0x01, 0x11, 0x28, 0x00, 0x00, 0x00, 0x00, 0x00, 0x00, 0x00, 
	0xfc, 0x93, 0x04, 0x48, 0x02, 0x02, 0x01, 0x11, 0x18, 0x00, 0x00, 0x00, 0x00, 0x00, 0x00, 0x80, 
	0xfc, 0x93, 0x04, 0x08, 0x02, 0x02, 0x01, 0x11, 0x28, 0x00, 0x00, 0x00, 0x00, 0x00, 0x00, 0x00, 
	0xfc, 0x8b, 0x04, 0x08, 0x02, 0x02, 0x01, 0x11, 0x48, 0x00, 0x00, 0x00, 0x00, 0x00, 0x00, 0x80, 
	0xfc, 0x43, 0x04, 0x08, 0x02, 0x22, 0x01, 0x11, 0x89, 0x00, 0x00, 0x00, 0x00, 0x00, 0x00, 0x00, 
	0xc0, 0x23, 0x04, 0x08, 0x22, 0x1c, 0x1f, 0xe1, 0x88, 0x00, 0x00, 0x00, 0x00, 0x00, 0x00, 0x80, 
	0x80, 0x03, 0x02, 0x00, 0x00, 0x00, 0x00, 0x00, 0x00, 0x00, 0x00, 0x00, 0x00, 0x00, 0x00, 0x00, 
	0x00, 0x03, 0x01, 0x00, 0x00, 0x00, 0x00, 0x00, 0x00, 0x00, 0x00, 0x00, 0x00, 0x00, 0x00, 0x80, 
	0x00, 0x02, 0x00, 0x00, 0x00, 0x00, 0x00, 0x00, 0x00, 0x00, 0x00, 0x00, 0x00, 0x00, 0x00, 0x00, 
	0x00, 0x00, 0x00, 0x00, 0x00, 0x00, 0x00, 0x00, 0x00, 0x00, 0x00, 0x00, 0x00, 0x00, 0x00, 0x80};
const unsigned char Imagenes::prueba_medir_clic[] PROGMEM = {0x00, 0x00, 0x00, 0x00, 0x00, 0x00, 0x00, 0x00, 0x00, 0x00, 0x00, 0x00, 0x00, 0x00, 0x00, 0x00, 
	0x00, 0x00, 0x00, 0x00, 0x00, 0x00, 0x00, 0x00, 0x00, 0x00, 0x00, 0x00, 0x00, 0x00, 0x00, 0x80, 
	0x00, 0x00, 0x00, 0x00, 0x00, 0x00, 0x00, 0x00, 0x00, 0x00, 0x00, 0x00, 0x00, 0x00, 0x00, 0x00, 
	0x00, 0x00, 0x00, 0x00, 0x00, 0x00, 0x00, 0x00, 0x00, 0x00, 0x00, 0x00, 0x00, 0x00, 0x00, 0x80, 
	0x00, 0x00, 0x00, 0x00, 0x00, 0x00, 0x00, 0x00, 0x00, 0x00, 0x00, 0x00, 0x00, 0x00, 0x00, 0x00, 
	0x00, 0x00, 0x00, 0x00, 0x00, 0x00, 0x00, 0x00, 0x00, 0x00, 0x00, 0x00, 0x00, 0x00, 0x00, 0x80, 
	0x00, 0x00, 0x00, 0x00, 0x00, 0x00, 0x00, 0x00, 0x00, 0x00, 0x00, 0x00, 0x00, 0x00, 0x00, 0x00, 
	0x00, 0x00, 0x00, 0x04, 0x01, 0x0f, 0x00, 0x40, 0x00, 0x00, 0x00, 0x40, 0x00, 0x00, 0x00, 0x80, 
	0x2c, 0x00, 0x0d, 0x04, 0x01, 0x11, 0x00, 0x00, 0x08, 0x00, 0x00, 0x00, 0x00, 0x00, 0x00, 0x00, 
	0x6c, 0x80, 0x0d, 0x8c, 0x01, 0x11, 0x87, 0x43, 0x3c, 0x8e, 0x87, 0x43, 0x38, 0x1c, 0x00, 0x80, 
	0xec, 0xed, 0x0d, 0x54, 0x01, 0x91, 0x48, 0x44, 0x08, 0x91, 0x48, 0x44, 0x44, 0x22, 0x00, 0x00, 
	0xee, 0xed, 0x1d, 0x24, 0x01, 0x8f, 0x48, 0x40, 0x08, 0x91, 0x48, 0x40, 0x40, 0x02, 0x00, 0x80, 
	0xec, 0xed, 0x0d, 0x04, 0x01, 0x85, 0x8f, 0x43, 0x08, 0x9f, 0x48, 0x40, 0x78, 0x1c, 0x00, 0x00, 
	0x6c, 0x80, 0x0d, 0x04, 0x01, 0x89, 0x00, 0x44, 0x08, 0x81, 0x48, 0x40, 0x44, 0x20, 0x00, 0x80, 
	0x2c, 0x00, 0x0d, 0x04, 0x01, 0x91, 0x48, 0x44, 0x08, 0x91, 0x48, 0x44, 0x44, 0x22, 0x00, 0x00, 
	0x00, 0x00, 0x00, 0x04, 0x11, 0x11, 0x87, 0x43, 0x30, 0x8e, 0x88, 0x43, 0x78, 0x1c, 0x00, 0x80, 
	0x00, 0x00, 0x00, 0x00, 0x00, 0x00, 0x00, 0x00, 0x00, 0x00, 0x00, 0x00, 0x00, 0x00, 0x00, 0x00, 
	0x00, 0x00, 0x00, 0x00, 0x00, 0x00, 0x00, 0x00, 0x00, 0x00, 0x00, 0x00, 0x00, 0x00, 0x00, 0x80, 
	0x00, 0x00, 0x00, 0x00, 0x00, 0x00, 0x00, 0x00, 0x00, 0x00, 0x00, 0x00, 0x00, 0x00, 0x00, 0x00, 
	0x00, 0x00, 0x00, 0x00, 0x00, 0x00, 0x00, 0x00, 0x00, 0x00, 0x00, 0x00, 0x00, 0x00, 0x00, 0x80, 
	0x00, 0x00, 0x00, 0x00, 0x00, 0x00, 0x00, 0x00, 0x00, 0x00, 0x00, 0x00, 0x00, 0x00, 0x00, 0x00, 
	0x00, 0x00, 0x00, 0x00, 0x00, 0x00, 0x00, 0x00, 0x00, 0x00, 0x00, 0x00, 0x00, 0x00, 0x00, 0x80, 
	0x00, 0x00, 0x00, 0x00, 0x00, 0x00, 0x00, 0x00, 0x00, 0x00, 0x00, 0x00, 0x00, 0x00, 0x00, 0x00, 
	0x00, 0x00, 0x00, 0x00, 0x00, 0x00, 0x00, 0x00, 0x00, 0x00, 0x00, 0x00, 0x00, 0x00, 0x00, 0x80, 
	0x00, 0x00, 0x00, 0x00, 0x00, 0x00, 0x00, 0x00, 0x00, 0x00, 0x00, 0x00, 0x00, 0x00, 0x00, 0x00, 
	0x00, 0x00, 0x00, 0x00, 0x00, 0x00, 0x00, 0x00, 0x00, 0x00, 0x00, 0x00, 0x00, 0x00, 0x00, 0x80, 
	0x00, 0x00, 0x00, 0x00, 0x00, 0x00, 0x00, 0x00, 0x00, 0x00, 0x00, 0x00, 0x00, 0x00, 0x00, 0x00, 
	0x00, 0x00, 0x00, 0x00, 0x00, 0x00, 0x00, 0x00, 0x00, 0x00, 0x00, 0x00, 0x00, 0x00, 0x00, 0x80, 
	0x2c, 0x00, 0x34, 0x00, 0x00, 0x00, 0x00, 0x00, 0x00, 0x00, 0x00, 0x00, 0x00, 0x00, 0x00, 0x00, 
	0xac, 0xff, 0x35, 0x82, 0x80, 0x0f, 0x00, 0x00, 0x00, 0x00, 0x00, 0x00, 0x00, 0x00, 0x00, 0x80, 
	0xa0, 0xff, 0x05, 0x82, 0x80, 0x00, 0x00, 0x00, 0x00, 0x00, 0x00, 0x00, 0x00, 0x00, 0x00, 0x00, 
	0xac, 0xff, 0x35, 0xc6, 0x80, 0x40, 0xc4, 0xe3, 0x70, 0x00, 0x00, 0x00, 0x00, 0x00, 0x00, 0x80, 
	0xac, 0xf7, 0x35, 0xaa, 0x80, 0x40, 0x24, 0x12, 0x89, 0x00, 0x00, 0x00, 0x00, 0x00, 0x00, 0x00, 
	0xa0, 0xef, 0x05, 0x92, 0x80, 0x43, 0x24, 0x02, 0x09, 0x00, 0x00, 0x00, 0x00, 0x00, 0x00, 0x80, 
	0xac, 0xcf, 0x35, 0x82, 0x80, 0x40, 0x24, 0xe2, 0x71, 0x00, 0x00, 0x00, 0x00, 0x00, 0x00, 0x00, 
	0x2c, 0x10, 0x34, 0x82, 0x80, 0x40, 0x24, 0x12, 0x81, 0x00, 0x00, 0x00, 0x00, 0x00, 0x00, 0x80, 
	0x00, 0x20, 0x00, 0x82, 0x80, 0x40, 0xc4, 0x13, 0x89, 0x00, 0x00, 0x00, 0x00, 0x00, 0x00, 0x00, 
	0x00, 0x10, 0x00, 0x82, 0x88, 0x80, 0x03, 0xe2, 0x71, 0x00, 0x00, 0x00, 0x00, 0x00, 0x00, 0x80, 
	0x00, 0x20, 0x00, 0x00, 0x00, 0x00, 0x20, 0x02, 0x00, 0x00, 0x00, 0x00, 0x00, 0x00, 0x00, 0x00, 
	0x00, 0x10, 0x00, 0x00, 0x00, 0x00, 0xc0, 0x01, 0x00, 0x00, 0x00, 0x00, 0x00, 0x00, 0x00, 0x80, 
	0x00, 0x20, 0x00, 0x00, 0x00, 0x00, 0x00, 0x00, 0x00, 0x00, 0x00, 0x00, 0x00, 0x00, 0x00, 0x00, 
	0x00, 0xfe, 0x01, 0x00, 0x00, 0x00, 0x00, 0x00, 0x00, 0x00, 0x00, 0x00, 0x00, 0x00, 0x00, 0x80, 
	0x80, 0xff, 0x07, 0x00, 0x00, 0x00, 0x00, 0x00, 0x00, 0x00, 0x00, 0x00, 0x00, 0x00, 0x00, 0x00, 
	0xfc, 0xff, 0xff, 0xff, 0xff, 0xff, 0xff, 0xff, 0xff, 0xff, 0xff, 0xff, 0xff, 0xff, 0xff, 0x87, 
	0x02, 0x00, 0x00, 0x00, 0x00, 0x00, 0x00, 0x00, 0x00, 0x00, 0x00, 0x00, 0x00, 0x00, 0x00, 0x08, 
	0x01, 0x00, 0x00, 0x00, 0x00, 0x00, 0x00, 0x00, 0x00, 0x00, 0x00, 0x00, 0x00, 0x00, 0x00, 0xd0, 
	0x01, 0x00, 0x00, 0x00, 0x00, 0x00, 0x00, 0x00, 0x00, 0x00, 0x00, 0x00, 0x00, 0x00, 0x00, 0xd0, 
	0x01, 0x04, 0x00, 0x00, 0x00, 0x00, 0x00, 0x00, 0x00, 0x00, 0x00, 0x00, 0x00, 0x00, 0x00, 0xd0, 
	0x01, 0x06, 0x00, 0x00, 0x00, 0x00, 0x00, 0x00, 0x00, 0x00, 0x00, 0x00, 0x00, 0x00, 0x00, 0xd0, 
	0x01, 0x07, 0x02, 0x00, 0x00, 0x00, 0x00, 0x00, 0x00, 0x00, 0x00, 0x00, 0x00, 0x00, 0x00, 0xd0, 
	0x81, 0x45, 0x04, 0x00, 0x00, 0x00, 0x00, 0x00, 0x00, 0x00, 0x00, 0x00, 0x00, 0x00, 0x00, 0xd0, 
	0xf9, 0x86, 0x08, 0x18, 0x03, 0x78, 0x0c, 0x18, 0x1e, 0x33, 0x00, 0x00, 0x00, 0x00, 0x00, 0xd0, 
	0x19, 0x17, 0x09, 0x18, 0x03, 0xcc, 0x0c, 0x18, 0x33, 0x33, 0x00, 0x00, 0x00, 0x00, 0x00, 0x10, 
	0xf9, 0x27, 0x09, 0xb8, 0x03, 0x0c, 0x0c, 0x18, 0x03, 0x1b, 0x00, 0x00, 0x00, 0x00, 0x00, 0x90, 
	0xf9, 0x27, 0x09, 0xf8, 0x03, 0x0c, 0x0c, 0x18, 0x03, 0x0f, 0x00, 0x00, 0x00, 0x00, 0x00, 0x10, 
	0xf9, 0x27, 0x09, 0x58, 0x03, 0x0c, 0x0c, 0x18, 0x03, 0x07, 0x00, 0x00, 0x00, 0x00, 0x00, 0x90, 
	0xf9, 0x17, 0x09, 0x18, 0x03, 0x0c, 0x0c, 0x18, 0x03, 0x0f, 0x00, 0x00, 0x00, 0x00, 0x00, 0x10, 
	0xf9, 0x87, 0x08, 0x18, 0x03, 0x0c, 0x0c, 0x18, 0x03, 0x1b, 0x00, 0x00, 0x00, 0x00, 0x00, 0x90, 
	0x81, 0x47, 0x08, 0x18, 0x03, 0xcc, 0x0c, 0x18, 0x33, 0x33, 0x00, 0x00, 0x00, 0x00, 0x00, 0x10, 
	0x01, 0x07, 0x04, 0x18, 0x63, 0x78, 0xfc, 0x18, 0x1e, 0x33, 0x00, 0x00, 0x00, 0x00, 0x00, 0x90, 
	0x01, 0x06, 0x02, 0x00, 0x00, 0x00, 0x00, 0x00, 0x00, 0x00, 0x00, 0x00, 0x00, 0x00, 0x00, 0x10, 
	0x02, 0x04, 0x00, 0x00, 0x00, 0x00, 0x00, 0x00, 0x00, 0x00, 0x00, 0x00, 0x00, 0x00, 0x00, 0x88, 
	0xfc, 0xff, 0xff, 0xff, 0xff, 0xff, 0xff, 0xff, 0xff, 0xff, 0xff, 0xff, 0xff, 0xff, 0xff, 0x07, 
	0xfc, 0xff, 0xff, 0xff, 0xff, 0xff, 0xff, 0xff, 0xff, 0xff, 0xff, 0xff, 0xff, 0xff, 0xff, 0x87};
const unsigned char Imagenes::prueba_corriente_activacion[] PROGMEM = {0x00, 0x00, 0x00, 0x00, 0x00, 0x00, 0x00, 0x00, 0x00, 0x00, 0x00, 0x00, 0x00, 0x00, 0x00, 0x00, 
	0xfc, 0xff, 0xff, 0xff, 0xff, 0xff, 0xff, 0xff, 0xff, 0xff, 0xff, 0xff, 0xff, 0xff, 0xff, 0x87, 
	0x82, 0xc1, 0x00, 0x00, 0x00, 0x00, 0x00, 0x00, 0x00, 0x00, 0x00, 0x00, 0x00, 0x00, 0x00, 0x08, 
	0x61, 0x00, 0x03, 0x00, 0x00, 0x00, 0x00, 0x00, 0x00, 0x00, 0x00, 0x00, 0x00, 0x00, 0x00, 0xd0, 
	0x11, 0x00, 0x04, 0x00, 0x00, 0x00, 0x00, 0x00, 0x00, 0x00, 0x00, 0x00, 0x00, 0x00, 0x00, 0xd0, 
	0x11, 0x00, 0x04, 0x00, 0x00, 0x00, 0x00, 0x00, 0x00, 0x00, 0x00, 0x00, 0x00, 0x00, 0x00, 0xd0, 
	0x09, 0x18, 0x08, 0x00, 0x00, 0x00, 0x00, 0x00, 0x00, 0x00, 0x00, 0x00, 0x00, 0x00, 0x00, 0xd0, 
	0x09, 0x1e, 0x08, 0x8c, 0x01, 0x3c, 0x00, 0x00, 0x00, 0x00, 0x00, 0x60, 0x00, 0x00, 0x00, 0xd8, 
	0x85, 0xff, 0x11, 0x8c, 0x01, 0x66, 0x0c, 0x00, 0x00, 0x00, 0xc0, 0x00, 0x00, 0x00, 0x00, 0xd0, 
	0x85, 0x1f, 0x10, 0xdc, 0x01, 0x06, 0x3e, 0x1e, 0xc0, 0xc3, 0xe3, 0x63, 0xcc, 0x78, 0x78, 0xd8, 
	0xe5, 0x1f, 0x10, 0xfc, 0x01, 0x06, 0x0c, 0x33, 0x60, 0x66, 0xc6, 0x60, 0xcc, 0xcc, 0xcc, 0x18, 
	0xbd, 0x1f, 0x10, 0xac, 0x01, 0x06, 0x0c, 0x33, 0x00, 0x66, 0xc0, 0x60, 0xcc, 0xc0, 0x0c, 0x98, 
	0x9d, 0x1f, 0x10, 0x8c, 0x01, 0x06, 0x0c, 0x3f, 0xc0, 0x67, 0xc0, 0x60, 0xcc, 0xf8, 0x0c, 0x18, 
	0x09, 0xfe, 0x09, 0x8c, 0x01, 0x06, 0x0c, 0x03, 0x60, 0x66, 0xc0, 0x60, 0xcc, 0xcc, 0x0c, 0x98, 
	0x09, 0x1e, 0x08, 0x8c, 0x01, 0x66, 0x0c, 0x33, 0x60, 0x66, 0xc6, 0x60, 0x78, 0xcc, 0xcc, 0x18, 
	0x11, 0x18, 0x04, 0x8c, 0x31, 0x3c, 0x38, 0x1e, 0xc0, 0xc7, 0x83, 0x63, 0x30, 0xf8, 0x78, 0x98, 
	0x11, 0x00, 0x04, 0x00, 0x00, 0x00, 0x00, 0x00, 0x00, 0x00, 0x00, 0x00, 0x00, 0x00, 0x00, 0x10, 
	0x61, 0x00, 0x03, 0x00, 0x00, 0x00, 0x00, 0x80, 0x0f, 0x00, 0x00, 0x00, 0x00, 0x00, 0x00, 0x90, 
	0x81, 0xc1, 0x00, 0x00, 0x00, 0x00, 0x00, 0x00, 0x00, 0x00, 0x00, 0x00, 0x00, 0x00, 0x00, 0x10, 
	0x02, 0x3e, 0x00, 0x00, 0x00, 0x00, 0x00, 0x00, 0x00, 0x00, 0x00, 0x00, 0x00, 0x00, 0x00, 0x88, 
	0xfc, 0xff, 0xff, 0xff, 0xff, 0xff, 0xff, 0xff, 0xff, 0xff, 0xff, 0xff, 0xff, 0xff, 0xff, 0x07, 
	0xfc, 0xff, 0xff, 0xff, 0xff, 0xff, 0xff, 0xff, 0xff, 0xff, 0xff, 0xff, 0xff, 0xff, 0xff, 0x87, 
	0x00, 0x00, 0x00, 0x00, 0x00, 0x00, 0x00, 0x00, 0x00, 0x00, 0x00, 0x00, 0x00, 0x00, 0x00, 0x00, 
	0x00, 0x3e, 0x00, 0x00, 0x00, 0x00, 0x00, 0x00, 0x00, 0x00, 0x00, 0x00, 0x00, 0x00, 0x00, 0x80, 
	0x80, 0xc1, 0x00, 0x00, 0x00, 0x00, 0x00, 0x00, 0x00, 0x00, 0x00, 0x00, 0x00, 0x00, 0x00, 0x00, 
	0x60, 0x00, 0x03, 0x00, 0x00, 0x00, 0x00, 0x00, 0x00, 0x00, 0x00, 0x00, 0x00, 0x00, 0x00, 0x80, 
	0x90, 0xff, 0x04, 0x00, 0x00, 0x00, 0x00, 0x00, 0x00, 0x00, 0x00, 0x00, 0x00, 0x00, 0x00, 0x00, 
	0x90, 0xe3, 0x04, 0x00, 0x00, 0x00, 0x00, 0x00, 0x00, 0x00, 0x00, 0x00, 0x00, 0x00, 0x00, 0x80, 
	0x08, 0x77, 0x08, 0x00, 0x00, 0x00, 0x00, 0x00, 0x00, 0x00, 0x00, 0x00, 0x00, 0x00, 0x00, 0x00, 
	0x08, 0x3e, 0x08, 0x82, 0x80, 0x0f, 0x00, 0x00, 0x00, 0x00, 0x00, 0x00, 0x00, 0x00, 0x00, 0x80, 
	0x04, 0x3e, 0x10, 0x82, 0x00, 0x02, 0x00, 0x00, 0x00, 0x00, 0x00, 0x00, 0x00, 0x00, 0x08, 0x00, 
	0x04, 0x1c, 0x10, 0xc6, 0x00, 0xc2, 0xc3, 0x01, 0x32, 0x0e, 0xc7, 0x23, 0xe2, 0x70, 0x3c, 0x8e, 
	0x04, 0x08, 0x10, 0xaa, 0x00, 0x42, 0x24, 0x02, 0x0a, 0x91, 0x48, 0x24, 0x12, 0x89, 0x08, 0x11, 
	0x04, 0x1c, 0x10, 0x92, 0x00, 0x42, 0x24, 0x02, 0x06, 0x91, 0x40, 0x24, 0x12, 0x09, 0x08, 0x90, 
	0x04, 0x36, 0x10, 0x82, 0x00, 0x42, 0x24, 0x02, 0x02, 0x1f, 0x47, 0x24, 0xf2, 0x71, 0x08, 0x1e, 
	0x08, 0x63, 0x08, 0x82, 0x00, 0x42, 0x24, 0x02, 0x02, 0x01, 0x48, 0x24, 0x12, 0x80, 0x08, 0x91, 
	0x88, 0xc9, 0x08, 0x82, 0x00, 0x42, 0x24, 0x02, 0x02, 0x91, 0x48, 0x24, 0x12, 0x89, 0x08, 0x11, 
	0x90, 0x9c, 0x04, 0x82, 0x08, 0xc2, 0xc3, 0x01, 0x02, 0x0e, 0xc7, 0xc3, 0xe1, 0x70, 0x30, 0x9e, 
	0x90, 0xff, 0x04, 0x00, 0x00, 0x40, 0x00, 0x00, 0x00, 0x00, 0x40, 0x00, 0x00, 0x00, 0x00, 0x00, 
	0x60, 0x00, 0x03, 0x00, 0x00, 0x40, 0x00, 0xf8, 0x00, 0x00, 0x40, 0x00, 0x00, 0x00, 0x00, 0x80, 
	0x80, 0xc1, 0x00, 0x00, 0x00, 0x00, 0x00, 0x00, 0x00, 0x00, 0x00, 0x00, 0x00, 0x00, 0x00, 0x00, 
	0x00, 0x3e, 0x00, 0x00, 0x00, 0x00, 0x00, 0x00, 0x00, 0x00, 0x00, 0x00, 0x00, 0x00, 0x00, 0x80, 
	0x00, 0x00, 0x00, 0x00, 0x00, 0x00, 0x00, 0x00, 0x00, 0x00, 0x00, 0x00, 0x00, 0x00, 0x00, 0x00, 
	0x00, 0x00, 0x00, 0x00, 0x00, 0x00, 0x00, 0x00, 0x00, 0x00, 0x00, 0x00, 0x00, 0x00, 0x00, 0x80, 
	0x20, 0x00, 0x02, 0x00, 0x00, 0x00, 0x00, 0x00, 0x00, 0x00, 0x00, 0x00, 0x00, 0x00, 0x00, 0x00, 
	0xe0, 0xff, 0x03, 0x00, 0x00, 0x00, 0x00, 0x00, 0x00, 0x00, 0x00, 0x00, 0x00, 0x00, 0x00, 0x80, 
	0x00, 0x55, 0x00, 0x00, 0x00, 0x00, 0x00, 0x00, 0x00, 0x00, 0x00, 0x00, 0x00, 0x00, 0x00, 0x00, 
	0x00, 0x55, 0x00, 0x00, 0x00, 0x00, 0x00, 0x00, 0x00, 0x00, 0x00, 0x00, 0x00, 0x00, 0x00, 0x80, 
	0x00, 0x55, 0x00, 0x00, 0x00, 0x00, 0x00, 0x00, 0x00, 0x00, 0x00, 0x00, 0x00, 0x00, 0x00, 0x00, 
	0x00, 0x55, 0x00, 0x00, 0x00, 0x00, 0x00, 0x00, 0x00, 0x00, 0x00, 0x00, 0x00, 0x00, 0x00, 0x80, 
	0x00, 0x7f, 0x00, 0x00, 0x00, 0x00, 0x00, 0x00, 0x00, 0x00, 0x00, 0x00, 0x00, 0x00, 0x00, 0x00, 
	0x00, 0x22, 0x00, 0x08, 0x02, 0x3e, 0x02, 0x00, 0x01, 0x00, 0x00, 0x00, 0x00, 0x00, 0x00, 0x80, 
	0x00, 0x22, 0x00, 0x08, 0x02, 0x02, 0x02, 0x00, 0x00, 0x00, 0x00, 0x00, 0x00, 0x00, 0x00, 0x00, 
	0x00, 0x3e, 0x00, 0x18, 0x03, 0x02, 0x22, 0x02, 0x71, 0x00, 0x00, 0x00, 0x00, 0x00, 0x00, 0x80, 
	0x00, 0x1c, 0x00, 0xa8, 0x02, 0x02, 0x22, 0x02, 0x89, 0x00, 0x00, 0x00, 0x00, 0x00, 0x00, 0x00, 
	0x00, 0x1c, 0x00, 0x48, 0x02, 0x0e, 0x22, 0x02, 0x89, 0x00, 0x00, 0x00, 0x00, 0x00, 0x00, 0x80, 
	0x00, 0x2a, 0x00, 0x08, 0x02, 0x02, 0x22, 0x02, 0x89, 0x00, 0x00, 0x00, 0x00, 0x00, 0x00, 0x00, 
	0x00, 0x55, 0x00, 0x08, 0x02, 0x02, 0x22, 0x02, 0x89, 0x00, 0x00, 0x00, 0x00, 0x00, 0x00, 0x80, 
	0x80, 0xaa, 0x00, 0x08, 0x02, 0x02, 0x22, 0x02, 0x89, 0x00, 0x00, 0x00, 0x00, 0x00, 0x00, 0x00, 
	0x40, 0x55, 0x01, 0x08, 0x22, 0x02, 0xc4, 0x01, 0x71, 0x00, 0x00, 0x00, 0x00, 0x00, 0x00, 0x80, 
	0xa0, 0xaa, 0x02, 0x00, 0x00, 0x00, 0x00, 0x10, 0x01, 0x00, 0x00, 0x00, 0x00, 0x00, 0x00, 0x00, 
	0x50, 0x55, 0x05, 0x00, 0x00, 0x00, 0x00, 0xe0, 0x00, 0x00, 0x00, 0x00, 0x00, 0x00, 0x00, 0x80, 
	0xa8, 0xaa, 0x0a, 0x00, 0x00, 0x00, 0x00, 0x00, 0x00, 0x00, 0x00, 0x00, 0x00, 0x00, 0x00, 0x00, 
	0x54, 0x55, 0x15, 0x00, 0x00, 0x00, 0x00, 0x00, 0x00, 0x00, 0x00, 0x00, 0x00, 0x00, 0x00, 0x80};
const unsigned char Imagenes::prueba_tiempo_respuesta[] PROGMEM = {0x00, 0x00, 0x00, 0x00, 0x00, 0x00, 0x00, 0x00, 0x00, 0x00, 0x00, 0x00, 0x00, 0x00, 0x00, 0x00, 
	0x00, 0x3e, 0x00, 0x00, 0x00, 0x00, 0x00, 0x00, 0x00, 0x00, 0x00, 0x00, 0x00, 0x00, 0x00, 0x00, 
	0x80, 0xc1, 0x00, 0x00, 0x00, 0x00, 0x00, 0x00, 0x00, 0x00, 0x00, 0x00, 0x00, 0x00, 0x00, 0x00, 
	0x60, 0x00, 0x03, 0x00, 0x00, 0x00, 0x00, 0x00, 0x00, 0x00, 0x00, 0x00, 0x00, 0x00, 0x00, 0x00, 
	0x10, 0x00, 0x04, 0x00, 0x00, 0x00, 0x00, 0x00, 0x00, 0x00, 0x00, 0x00, 0x00, 0x00, 0x00, 0x00, 
	0x10, 0x00, 0x04, 0x00, 0x00, 0x00, 0x00, 0x00, 0x00, 0x00, 0x00, 0x00, 0x00, 0x00, 0x00, 0x00, 
	0x08, 0x18, 0x08, 0x00, 0x00, 0x00, 0x00, 0x00, 0x00, 0x00, 0x00, 0x00, 0x00, 0x00, 0x00, 0x00, 
	0x08, 0x1e, 0x08, 0x04, 0x01, 0x0e, 0x00, 0x00, 0x00, 0x00, 0x40, 0x00, 0x00, 0x00, 0x01, 0x00, 
	0x84, 0xff, 0x11, 0x04, 0x01, 0x11, 0x01, 0x00, 0x00, 0x00, 0x01, 0x00, 0x00, 0x00, 0x00, 0x00, 
	0x84, 0x1f, 0x10, 0x8c, 0x01, 0x81, 0xc7, 0x01, 0x1c, 0x8e, 0x47, 0x44, 0x1c, 0x0e, 0xe1, 0x00, 
	0xe4, 0x1f, 0x10, 0x54, 0x01, 0x01, 0x21, 0x02, 0x22, 0x11, 0x41, 0x44, 0x22, 0x11, 0x11, 0x01, 
	0xbc, 0x1f, 0x10, 0x24, 0x01, 0x01, 0x21, 0x02, 0x20, 0x01, 0x41, 0x44, 0x20, 0x01, 0x11, 0x01, 
	0x9c, 0x1f, 0x10, 0x04, 0x01, 0x01, 0xe1, 0x03, 0x3c, 0x01, 0x41, 0x44, 0x3c, 0x01, 0x11, 0x01, 
	0x08, 0xfe, 0x09, 0x04, 0x01, 0x01, 0x21, 0x00, 0x22, 0x01, 0x41, 0x44, 0x22, 0x01, 0x11, 0x01, 
	0x08, 0x1e, 0x08, 0x04, 0x01, 0x11, 0x21, 0x02, 0x22, 0x11, 0x41, 0x28, 0x22, 0x11, 0x11, 0x01, 
	0x10, 0x18, 0x04, 0x04, 0x11, 0x0e, 0xc6, 0x01, 0x3c, 0x0e, 0x46, 0x10, 0x3c, 0x0e, 0xe1, 0x00, 
	0x10, 0x00, 0x04, 0x00, 0x00, 0x00, 0x00, 0x00, 0x00, 0x00, 0x00, 0x00, 0x00, 0x00, 0x00, 0x00, 
	0x60, 0x00, 0x03, 0x00, 0x00, 0x00, 0x00, 0xf8, 0x00, 0x00, 0x00, 0x00, 0x00, 0x00, 0x00, 0x00, 
	0x80, 0xc1, 0x00, 0x00, 0x00, 0x00, 0x00, 0x00, 0x00, 0x00, 0x00, 0x00, 0x00, 0x00, 0x00, 0x00, 
	0x00, 0x3e, 0x00, 0x00, 0x00, 0x00, 0x00, 0x00, 0x00, 0x00, 0x00, 0x00, 0x00, 0x00, 0x00, 0x00, 
	0x00, 0x00, 0x00, 0x00, 0x00, 0x00, 0x00, 0x00, 0x00, 0x00, 0x00, 0x00, 0x00, 0x00, 0x00, 0x00, 
	0x00, 0x00, 0x00, 0x00, 0x00, 0x00, 0x00, 0x00, 0x00, 0x00, 0x00, 0x00, 0x00, 0x00, 0x00, 0x00, 
	0x00, 0x00, 0x00, 0x00, 0x00, 0x00, 0x00, 0x00, 0x00, 0x00, 0x00, 0x00, 0x00, 0x00, 0x00, 0x00, 
	0xf8, 0xff, 0xff, 0xff, 0xff, 0xff, 0xff, 0xff, 0xff, 0xff, 0xff, 0xff, 0xff, 0xff, 0xff, 0x0f, 
	0x84, 0xc1, 0x00, 0x00, 0x00, 0x00, 0x00, 0x00, 0x00, 0x00, 0x00, 0x00, 0x00, 0x00, 0x00, 0x10, 
	0x62, 0x00, 0x03, 0x00, 0x00, 0x00, 0x00, 0x00, 0x00, 0x00, 0x00, 0x00, 0x00, 0x00, 0x00, 0xa0, 
	0x92, 0xff, 0x04, 0x00, 0x00, 0x00, 0x00, 0x00, 0x00, 0x00, 0x00, 0x00, 0x00, 0x00, 0x00, 0xa0, 
	0x92, 0xe3, 0x04, 0x00, 0x00, 0x00, 0x00, 0x00, 0x00, 0x00, 0x00, 0x00, 0x00, 0x00, 0x00, 0xa0, 
	0x0a, 0x77, 0x08, 0x00, 0x00, 0x00, 0x00, 0x00, 0x00, 0x00, 0x00, 0x00, 0x00, 0x00, 0x00, 0xa0, 
	0x0a, 0x3e, 0x08, 0xc6, 0x00, 0x3f, 0x00, 0x00, 0x00, 0x00, 0x00, 0x00, 0x00, 0x00, 0x00, 0xa0, 
	0x06, 0x3e, 0x10, 0xc6, 0x00, 0x0c, 0x00, 0x00, 0x00, 0x00, 0x00, 0x00, 0x00, 0x00, 0x00, 0xe0, 
	0x06, 0x1c, 0x10, 0xee, 0x00, 0x0c, 0x1f, 0x1e, 0x60, 0xc6, 0xc3, 0xe3, 0x63, 0xc6, 0xc3, 0xe3, 
	0x06, 0x08, 0x10, 0xfe, 0x00, 0x0c, 0x33, 0x33, 0x60, 0x67, 0x66, 0x66, 0x66, 0x66, 0x66, 0xe6, 
	0x06, 0x1c, 0x10, 0xd6, 0x00, 0x0c, 0x33, 0x33, 0xe0, 0x60, 0x66, 0x60, 0x66, 0x66, 0x66, 0xe0, 
	0x06, 0x36, 0x10, 0xc6, 0x00, 0x0c, 0x33, 0x33, 0x60, 0xe0, 0xc7, 0x63, 0x66, 0xe6, 0xc7, 0xe3, 
	0x0a, 0x63, 0x08, 0xc6, 0x00, 0x0c, 0x33, 0x33, 0x60, 0x60, 0x00, 0x66, 0x66, 0x66, 0x00, 0xe6, 
	0x8a, 0xc9, 0x08, 0xc6, 0x00, 0x0c, 0x33, 0x33, 0x60, 0x60, 0x66, 0x66, 0x66, 0x66, 0x66, 0xe6, 
	0x92, 0x9c, 0x04, 0xc6, 0x18, 0x0c, 0x1f, 0x1e, 0x60, 0xc0, 0xc3, 0xe3, 0xc3, 0xc3, 0xc3, 0xa3, 
	0x92, 0xff, 0x04, 0x00, 0x00, 0x00, 0x03, 0x00, 0x00, 0x00, 0x00, 0x60, 0x00, 0x00, 0x00, 0x20, 
	0x62, 0x00, 0x03, 0x00, 0x00, 0x00, 0x03, 0x80, 0x0f, 0x00, 0x00, 0x60, 0x00, 0x00, 0x00, 0x20, 
	0x82, 0xc1, 0x00, 0x00, 0x00, 0x00, 0x00, 0x00, 0x00, 0x00, 0x00, 0x00, 0x00, 0x00, 0x00, 0x20, 
	0x04, 0x3e, 0x00, 0x00, 0x00, 0x00, 0x00, 0x00, 0x00, 0x00, 0x00, 0x00, 0x00, 0x00, 0x00, 0x10, 
	0xf8, 0xff, 0xff, 0xff, 0xff, 0xff, 0xff, 0xff, 0xff, 0xff, 0xff, 0xff, 0xff, 0xff, 0xff, 0x0f, 
	0xf8, 0xff, 0xff, 0xff, 0xff, 0xff, 0xff, 0xff, 0xff, 0xff, 0xff, 0xff, 0xff, 0xff, 0xff, 0x0f, 
	0x20, 0x00, 0x02, 0x00, 0x00, 0x00, 0x00, 0x00, 0x00, 0x00, 0x00, 0x00, 0x00, 0x00, 0x00, 0x00, 
	0xe0, 0xff, 0x03, 0x00, 0x00, 0x00, 0x00, 0x00, 0x00, 0x00, 0x00, 0x00, 0x00, 0x00, 0x00, 0x00, 
	0x00, 0x55, 0x00, 0x00, 0x00, 0x00, 0x00, 0x00, 0x00, 0x00, 0x00, 0x00, 0x00, 0x00, 0x00, 0x00, 
	0x00, 0x55, 0x00, 0x00, 0x00, 0x00, 0x00, 0x00, 0x00, 0x00, 0x00, 0x00, 0x00, 0x00, 0x00, 0x00, 
	0x00, 0x55, 0x00, 0x00, 0x00, 0x00, 0x00, 0x00, 0x00, 0x00, 0x00, 0x00, 0x00, 0x00, 0x00, 0x00, 
	0x00, 0x55, 0x00, 0x00, 0x00, 0x00, 0x00, 0x00, 0x00, 0x00, 0x00, 0x00, 0x00, 0x00, 0x00, 0x00, 
	0x00, 0x7f, 0x00, 0x00, 0x00, 0x00, 0x00, 0x00, 0x00, 0x00, 0x00, 0x00, 0x00, 0x00, 0x00, 0x00, 
	0x00, 0x22, 0x00, 0x08, 0x02, 0x3e, 0x02, 0x00, 0x01, 0x00, 0x00, 0x00, 0x00, 0x00, 0x00, 0x00, 
	0x00, 0x22, 0x00, 0x08, 0x02, 0x02, 0x02, 0x00, 0x00, 0x00, 0x00, 0x00, 0x00, 0x00, 0x00, 0x00, 
	0x00, 0x3e, 0x00, 0x18, 0x03, 0x02, 0x22, 0x02, 0x71, 0x00, 0x00, 0x00, 0x00, 0x00, 0x00, 0x00, 
	0x00, 0x1c, 0x00, 0xa8, 0x02, 0x02, 0x22, 0x02, 0x89, 0x00, 0x00, 0x00, 0x00, 0x00, 0x00, 0x00, 
	0x00, 0x1c, 0x00, 0x48, 0x02, 0x0e, 0x22, 0x02, 0x89, 0x00, 0x00, 0x00, 0x00, 0x00, 0x00, 0x00, 
	0x00, 0x2a, 0x00, 0x08, 0x02, 0x02, 0x22, 0x02, 0x89, 0x00, 0x00, 0x00, 0x00, 0x00, 0x00, 0x00, 
	0x00, 0x55, 0x00, 0x08, 0x02, 0x02, 0x22, 0x02, 0x89, 0x00, 0x00, 0x00, 0x00, 0x00, 0x00, 0x00, 
	0x80, 0xaa, 0x00, 0x08, 0x02, 0x02, 0x22, 0x02, 0x89, 0x00, 0x00, 0x00, 0x00, 0x00, 0x00, 0x00, 
	0x40, 0x55, 0x01, 0x08, 0x22, 0x02, 0xc4, 0x01, 0x71, 0x00, 0x00, 0x00, 0x00, 0x00, 0x00, 0x00, 
	0xa0, 0xaa, 0x02, 0x00, 0x00, 0x00, 0x00, 0x10, 0x01, 0x00, 0x00, 0x00, 0x00, 0x00, 0x00, 0x00, 
	0x50, 0x55, 0x05, 0x00, 0x00, 0x00, 0x00, 0xe0, 0x00, 0x00, 0x00, 0x00, 0x00, 0x00, 0x00, 0x00, 
	0xa8, 0xaa, 0x0a, 0x00, 0x00, 0x00, 0x00, 0x00, 0x00, 0x00, 0x00, 0x00, 0x00, 0x00, 0x00, 0x00, 
	0x54, 0x55, 0x15, 0x00, 0x00, 0x00, 0x00, 0x00, 0x00, 0x00, 0x00, 0x00, 0x00, 0x00, 0x00, 0x00};
const unsigned char Imagenes::prueba_flujo[] PROGMEM = {0x00, 0x00, 0x00, 0x00, 0x00, 0x00, 0x00, 0x00, 0x00, 0x00, 0x00, 0x00, 0x00, 0x00, 0x00, 0x00, 
	0x00, 0x3e, 0x00, 0x00, 0x00, 0x00, 0x00, 0x00, 0x00, 0x00, 0x00, 0x00, 0x00, 0x00, 0x00, 0x00, 
	0x80, 0xc1, 0x00, 0x00, 0x00, 0x00, 0x00, 0x00, 0x00, 0x00, 0x00, 0x00, 0x00, 0x00, 0x00, 0x80, 
	0x60, 0x00, 0x03, 0x00, 0x00, 0x00, 0x00, 0x00, 0x00, 0x00, 0x00, 0x00, 0x00, 0x00, 0x00, 0x00, 
	0x10, 0x00, 0x04, 0x00, 0x00, 0x00, 0x00, 0x00, 0x00, 0x00, 0x00, 0x00, 0x00, 0x00, 0x00, 0x80, 
	0x10, 0x00, 0x04, 0x00, 0x00, 0x00, 0x00, 0x00, 0x00, 0x00, 0x00, 0x00, 0x00, 0x00, 0x00, 0x00, 
	0x08, 0x18, 0x08, 0x00, 0x00, 0x00, 0x00, 0x00, 0x00, 0x00, 0x00, 0x00, 0x00, 0x00, 0x00, 0x80, 
	0x08, 0x1e, 0x08, 0x04, 0x01, 0x0e, 0x00, 0x00, 0x00, 0x00, 0x40, 0x00, 0x00, 0x00, 0x01, 0x00, 
	0x84, 0xff, 0x11, 0x04, 0x01, 0x11, 0x01, 0x00, 0x00, 0x00, 0x01, 0x00, 0x00, 0x00, 0x00, 0x80, 
	0x84, 0x1f, 0x10, 0x8c, 0x01, 0x81, 0xc7, 0x01, 0x1c, 0x8e, 0x47, 0x44, 0x1c, 0x0e, 0xe1, 0x00, 
	0xe4, 0x1f, 0x10, 0x54, 0x01, 0x01, 0x21, 0x02, 0x22, 0x11, 0x41, 0x44, 0x22, 0x11, 0x11, 0x81, 
	0xbc, 0x1f, 0x10, 0x24, 0x01, 0x01, 0x21, 0x02, 0x20, 0x01, 0x41, 0x44, 0x20, 0x01, 0x11, 0x01, 
	0x9c, 0x1f, 0x10, 0x04, 0x01, 0x01, 0xe1, 0x03, 0x3c, 0x01, 0x41, 0x44, 0x3c, 0x01, 0x11, 0x81, 
	0x08, 0xfe, 0x09, 0x04, 0x01, 0x01, 0x21, 0x00, 0x22, 0x01, 0x41, 0x44, 0x22, 0x01, 0x11, 0x01, 
	0x08, 0x1e, 0x08, 0x04, 0x01, 0x11, 0x21, 0x02, 0x22, 0x11, 0x41, 0x28, 0x22, 0x11, 0x11, 0x81, 
	0x10, 0x18, 0x04, 0x04, 0x11, 0x0e, 0xc6, 0x01, 0x3c, 0x0e, 0x46, 0x10, 0x3c, 0x0e, 0xe1, 0x00, 
	0x10, 0x00, 0x04, 0x00, 0x00, 0x00, 0x00, 0x00, 0x00, 0x00, 0x00, 0x00, 0x00, 0x00, 0x00, 0x80, 
	0x60, 0x00, 0x03, 0x00, 0x00, 0x00, 0x00, 0xf8, 0x00, 0x00, 0x00, 0x00, 0x00, 0x00, 0x00, 0x00, 
	0x80, 0xc1, 0x00, 0x00, 0x00, 0x00, 0x00, 0x00, 0x00, 0x00, 0x00, 0x00, 0x00, 0x00, 0x00, 0x80, 
	0x00, 0x3e, 0x00, 0x00, 0x00, 0x00, 0x00, 0x00, 0x00, 0x00, 0x00, 0x00, 0x00, 0x00, 0x00, 0x00, 
	0x00, 0x00, 0x00, 0x00, 0x00, 0x00, 0x00, 0x00, 0x00, 0x00, 0x00, 0x00, 0x00, 0x00, 0x00, 0x80, 
	0x00, 0x00, 0x00, 0x00, 0x00, 0x00, 0x00, 0x00, 0x00, 0x00, 0x00, 0x00, 0x00, 0x00, 0x00, 0x00, 
	0x00, 0x00, 0x00, 0x00, 0x00, 0x00, 0x00, 0x00, 0x00, 0x00, 0x00, 0x00, 0x00, 0x00, 0x00, 0x80, 
	0x00, 0x3e, 0x00, 0x00, 0x00, 0x00, 0x00, 0x00, 0x00, 0x00, 0x00, 0x00, 0x00, 0x00, 0x00, 0x00, 
	0x80, 0xc1, 0x00, 0x00, 0x00, 0x00, 0x00, 0x00, 0x00, 0x00, 0x00, 0x00, 0x00, 0x00, 0x00, 0x80, 
	0x60, 0x00, 0x03, 0x00, 0x00, 0x00, 0x00, 0x00, 0x00, 0x00, 0x00, 0x00, 0x00, 0x00, 0x00, 0x00, 
	0x90, 0xff, 0x04, 0x00, 0x00, 0x00, 0x00, 0x00, 0x00, 0x00, 0x00, 0x00, 0x00, 0x00, 0x00, 0x80, 
	0x90, 0xe3, 0x04, 0x00, 0x00, 0x00, 0x00, 0x00, 0x00, 0x00, 0x00, 0x00, 0x00, 0x00, 0x00, 0x00, 
	0x08, 0x77, 0x08, 0x00, 0x00, 0x00, 0x00, 0x00, 0x00, 0x00, 0x00, 0x00, 0x00, 0x00, 0x00, 0x80, 
	0x08, 0x3e, 0x08, 0x82, 0x80, 0x0f, 0x00, 0x00, 0x00, 0x00, 0x00, 0x00, 0x00, 0x00, 0x00, 0x00, 
	0x04, 0x3e, 0x10, 0x82, 0x00, 0x02, 0x00, 0x00, 0x00, 0x00, 0x00, 0x00, 0x00, 0x00, 0x08, 0x80, 
	0x04, 0x1c, 0x10, 0xc6, 0x00, 0xc2, 0xc3, 0x01, 0x32, 0x0e, 0xc7, 0x23, 0xe2, 0x70, 0x3c, 0x0e, 
	0x04, 0x08, 0x10, 0xaa, 0x00, 0x42, 0x24, 0x02, 0x0a, 0x91, 0x48, 0x24, 0x12, 0x89, 0x08, 0x91, 
	0x04, 0x1c, 0x10, 0x92, 0x00, 0x42, 0x24, 0x02, 0x06, 0x91, 0x40, 0x24, 0x12, 0x09, 0x08, 0x10, 
	0x04, 0x36, 0x10, 0x82, 0x00, 0x42, 0x24, 0x02, 0x02, 0x1f, 0x47, 0x24, 0xf2, 0x71, 0x08, 0x9e, 
	0x08, 0x63, 0x08, 0x82, 0x00, 0x42, 0x24, 0x02, 0x02, 0x01, 0x48, 0x24, 0x12, 0x80, 0x08, 0x11, 
	0x88, 0xc9, 0x08, 0x82, 0x00, 0x42, 0x24, 0x02, 0x02, 0x91, 0x48, 0x24, 0x12, 0x89, 0x08, 0x91, 
	0x90, 0x9c, 0x04, 0x82, 0x08, 0xc2, 0xc3, 0x01, 0x02, 0x0e, 0xc7, 0xc3, 0xe1, 0x70, 0x30, 0x1e, 
	0x90, 0xff, 0x04, 0x00, 0x00, 0x40, 0x00, 0x00, 0x00, 0x00, 0x40, 0x00, 0x00, 0x00, 0x00, 0x80, 
	0x60, 0x00, 0x03, 0x00, 0x00, 0x40, 0x00, 0xf8, 0x00, 0x00, 0x40, 0x00, 0x00, 0x00, 0x00, 0x00, 
	0x80, 0xc1, 0x00, 0x00, 0x00, 0x00, 0x00, 0x00, 0x00, 0x00, 0x00, 0x00, 0x00, 0x00, 0x00, 0x80, 
	0x00, 0x3e, 0x00, 0x00, 0x00, 0x00, 0x00, 0x00, 0x00, 0x00, 0x00, 0x00, 0x00, 0x00, 0x00, 0x00, 
	0x00, 0x00, 0x00, 0x00, 0x00, 0x00, 0x00, 0x00, 0x00, 0x00, 0x00, 0x00, 0x00, 0x00, 0x00, 0x80, 
	0x00, 0x00, 0x00, 0x00, 0x00, 0x00, 0x00, 0x00, 0x00, 0x00, 0x00, 0x00, 0x00, 0x00, 0x00, 0x00, 
	0xfc, 0xff, 0xff, 0xff, 0xff, 0xff, 0xff, 0xff, 0xff, 0xff, 0xff, 0xff, 0xff, 0xff, 0xff, 0x87, 
	0xe2, 0xff, 0x03, 0x00, 0x00, 0x00, 0x00, 0x00, 0x00, 0x00, 0x00, 0x00, 0x00, 0x00, 0x00, 0x08, 
	0x01, 0x55, 0x00, 0x00, 0x00, 0x00, 0x00, 0x00, 0x00, 0x00, 0x00, 0x00, 0x00, 0x00, 0x00, 0xd0, 
	0x01, 0x55, 0x00, 0x00, 0x00, 0x00, 0x00, 0x00, 0x00, 0x00, 0x00, 0x00, 0x00, 0x00, 0x00, 0xd0, 
	0x01, 0x55, 0x00, 0x00, 0x00, 0x00, 0x00, 0x00, 0x00, 0x00, 0x00, 0x00, 0x00, 0x00, 0x00, 0xd0, 
	0x01, 0x55, 0x00, 0x00, 0x00, 0x00, 0x00, 0x00, 0x00, 0x00, 0x00, 0x00, 0x00, 0x00, 0x00, 0xd0, 
	0x01, 0x7f, 0x00, 0x00, 0x00, 0x00, 0x00, 0x00, 0x00, 0x00, 0x00, 0x00, 0x00, 0x00, 0x00, 0xd0, 
	0x01, 0x22, 0x00, 0x18, 0x03, 0xfc, 0x18, 0x00, 0x30, 0x00, 0x00, 0x00, 0x00, 0x00, 0x00, 0xd0, 
	0x01, 0x22, 0x00, 0x18, 0x03, 0x0c, 0x18, 0x00, 0x00, 0x00, 0x00, 0x00, 0x00, 0x00, 0x00, 0xd0, 
	0x01, 0x3e, 0x00, 0xb8, 0x03, 0x0c, 0x18, 0x33, 0x30, 0x1e, 0x00, 0x00, 0x00, 0x00, 0x00, 0x10, 
	0x01, 0x1c, 0x00, 0xf8, 0x03, 0x0c, 0x18, 0x33, 0x30, 0x33, 0x00, 0x00, 0x00, 0x00, 0x00, 0x90, 
	0x01, 0x1c, 0x00, 0x58, 0x03, 0x3c, 0x18, 0x33, 0x30, 0x33, 0x00, 0x00, 0x00, 0x00, 0x00, 0x10, 
	0x01, 0x2a, 0x00, 0x18, 0x03, 0x0c, 0x18, 0x33, 0x30, 0x33, 0x00, 0x00, 0x00, 0x00, 0x00, 0x90, 
	0x01, 0x55, 0x00, 0x18, 0x03, 0x0c, 0x18, 0x33, 0x30, 0x33, 0x00, 0x00, 0x00, 0x00, 0x00, 0x10, 
	0x81, 0xaa, 0x00, 0x18, 0x03, 0x0c, 0x18, 0x33, 0x30, 0x33, 0x00, 0x00, 0x00, 0x00, 0x00, 0x90, 
	0x41, 0x55, 0x01, 0x18, 0x63, 0x0c, 0x30, 0x1e, 0x30, 0x1e, 0x00, 0x00, 0x00, 0x00, 0x00, 0x10, 
	0xa1, 0xaa, 0x02, 0x00, 0x00, 0x00, 0x00, 0x00, 0x33, 0x00, 0x00, 0x00, 0x00, 0x00, 0x00, 0x90, 
	0x51, 0x55, 0x05, 0x00, 0x00, 0x00, 0x00, 0x00, 0x1e, 0x00, 0x00, 0x00, 0x00, 0x00, 0x00, 0x10, 
	0xaa, 0xaa, 0x0a, 0x00, 0x00, 0x00, 0x00, 0x00, 0x00, 0x00, 0x00, 0x00, 0x00, 0x00, 0x00, 0x88, 
	0xfc, 0xff, 0xff, 0xff, 0xff, 0xff, 0xff, 0xff, 0xff, 0xff, 0xff, 0xff, 0xff, 0xff, 0xff, 0x07};
const unsigned char Imagenes::prueba_temperatura[] PROGMEM = {0x00, 0x00, 0x00, 0x00, 0x00, 0x00, 0x00, 0x00, 0x00, 0x00, 0x00, 0x00, 0x00, 0x00, 0x00, 0x00, 
	0xfc, 0xff, 0xff, 0xff, 0xff, 0xff, 0xff, 0xff, 0xff, 0xff, 0xff, 0xff, 0xff, 0xff, 0xff, 0x87, 
	0x02, 0x3e, 0x00, 0x00, 0x00, 0x00, 0x00, 0x00, 0x00, 0x00, 0x00, 0x00, 0x00, 0x00, 0x00, 0x08, 
	0x81, 0xc1, 0x00, 0x00, 0x00, 0x00, 0x00, 0x00, 0x00, 0x00, 0x00, 0x00, 0x00, 0x00, 0x00, 0xd0, 
	0x61, 0x3e, 0x03, 0x00, 0x00, 0x00, 0x00, 0x00, 0x00, 0x00, 0x00, 0x00, 0x00, 0x00, 0x00, 0xd0, 
	0x11, 0x22, 0x04, 0x00, 0x00, 0x00, 0x00, 0x00, 0x00, 0x00, 0x00, 0x00, 0x00, 0x00, 0x00, 0xd0, 
	0x11, 0x2a, 0x04, 0x00, 0x00, 0x00, 0x00, 0x00, 0x00, 0x00, 0x00, 0x00, 0x00, 0x00, 0x00, 0xd0, 
	0x09, 0x2a, 0x08, 0x8c, 0x01, 0x7e, 0x00, 0x00, 0x00, 0x00, 0x00, 0x00, 0x00, 0x00, 0x00, 0xd0, 
	0x09, 0x2e, 0x08, 0x8c, 0x01, 0x18, 0x00, 0x00, 0x00, 0x00, 0x00, 0x00, 0x18, 0x00, 0x00, 0xd0, 
	0x05, 0x2a, 0x10, 0xdc, 0x01, 0x18, 0x3c, 0x6e, 0x7c, 0x78, 0xcc, 0x78, 0x7c, 0x66, 0x66, 0xd0, 
	0x05, 0x2e, 0x10, 0xfc, 0x01, 0x18, 0x66, 0xd6, 0xcc, 0xcc, 0xec, 0xcc, 0x18, 0x66, 0x76, 0x10, 
	0x05, 0x2a, 0x10, 0xac, 0x01, 0x18, 0x66, 0xd6, 0xcc, 0xcc, 0x1c, 0xc0, 0x18, 0x66, 0x0e, 0x90, 
	0x05, 0x2e, 0x10, 0x8c, 0x01, 0x18, 0x7e, 0xd6, 0xcc, 0xfc, 0x0c, 0xf8, 0x18, 0x66, 0x06, 0x10, 
	0x05, 0x2a, 0x10, 0x8c, 0x01, 0x18, 0x06, 0xd6, 0xcc, 0x0c, 0x0c, 0xcc, 0x18, 0x66, 0x06, 0x90, 
	0x89, 0xeb, 0x08, 0x8c, 0x01, 0x18, 0x66, 0xc6, 0xcc, 0xcc, 0x0c, 0xcc, 0x18, 0x66, 0x06, 0x10, 
	0x89, 0x88, 0x08, 0x8c, 0x31, 0x18, 0x3c, 0xc6, 0x7c, 0x78, 0x0c, 0xf8, 0x70, 0x3c, 0x06, 0x90, 
	0x91, 0xbe, 0x04, 0x00, 0x00, 0x00, 0x00, 0x00, 0x0c, 0x00, 0x00, 0x00, 0x00, 0x00, 0x00, 0x10, 
	0x91, 0xbe, 0x04, 0x00, 0x00, 0x00, 0x00, 0x00, 0x0c, 0x00, 0x00, 0x00, 0x00, 0x00, 0x00, 0x90, 
	0xe1, 0xff, 0x03, 0x00, 0x00, 0x00, 0x00, 0x00, 0x00, 0x00, 0x00, 0x00, 0x00, 0x00, 0x00, 0x10, 
	0x82, 0xc1, 0x00, 0x00, 0x00, 0x00, 0x00, 0x00, 0x00, 0x00, 0x00, 0x00, 0x00, 0x00, 0x00, 0x88, 
	0xfc, 0xff, 0xff, 0xff, 0xff, 0xff, 0xff, 0xff, 0xff, 0xff, 0xff, 0xff, 0xff, 0xff, 0xff, 0x07, 
	0xfc, 0xff, 0xff, 0xff, 0xff, 0xff, 0xff, 0xff, 0xff, 0xff, 0xff, 0xff, 0xff, 0xff, 0xff, 0x87, 
	0x00, 0x00, 0x00, 0x00, 0x00, 0x00, 0x00, 0x00, 0x00, 0x00, 0x00, 0x00, 0x00, 0x00, 0x00, 0x00, 
	0x00, 0x00, 0x00, 0x00, 0x00, 0x00, 0x00, 0x00, 0x00, 0x00, 0x00, 0x00, 0x00, 0x00, 0x00, 0x80, 
	0x00, 0x00, 0x00, 0x00, 0x00, 0x00, 0x00, 0x00, 0x00, 0x00, 0x00, 0x00, 0x00, 0x00, 0x00, 0x00, 
	0x80, 0x3f, 0x00, 0x00, 0x00, 0x00, 0x00, 0x00, 0x00, 0x00, 0x00, 0x00, 0x00, 0x00, 0x00, 0x80, 
	0xe0, 0xc0, 0x00, 0x00, 0x00, 0x00, 0x00, 0x00, 0x00, 0x00, 0x00, 0x00, 0x00, 0x00, 0x00, 0x00, 
	0x20, 0x9e, 0x00, 0x00, 0x00, 0x00, 0x00, 0x00, 0x00, 0x00, 0x00, 0x00, 0x00, 0x00, 0x00, 0x80, 
	0x20, 0xbf, 0x00, 0x00, 0x00, 0x00, 0x00, 0x00, 0x00, 0x00, 0x00, 0x00, 0x00, 0x00, 0x00, 0x00, 
	0x10, 0x33, 0x01, 0x22, 0x00, 0x00, 0x78, 0x00, 0x00, 0x00, 0x01, 0x00, 0x20, 0x00, 0x00, 0x80, 
	0x10, 0x30, 0x01, 0x22, 0x00, 0x00, 0x88, 0x00, 0x00, 0x00, 0x21, 0x00, 0x20, 0x00, 0x00, 0x00, 
	0x10, 0x3c, 0x01, 0x22, 0x8e, 0x0c, 0x88, 0x38, 0x1c, 0x11, 0xf1, 0x38, 0x3c, 0x0e, 0x07, 0x80, 
	0x10, 0x0c, 0x01, 0x22, 0x91, 0x02, 0x88, 0x44, 0x22, 0x11, 0x21, 0x44, 0x22, 0x91, 0x08, 0x00, 
	0x10, 0x0c, 0x01, 0x22, 0x91, 0x01, 0x78, 0x44, 0x02, 0x11, 0x21, 0x40, 0x22, 0x91, 0x00, 0x80, 
	0x20, 0x80, 0x00, 0x22, 0x9f, 0x00, 0x28, 0x7c, 0x1c, 0x11, 0x21, 0x78, 0x22, 0x11, 0x07, 0x00, 
	0x20, 0xcc, 0x00, 0x22, 0x81, 0x00, 0x48, 0x04, 0x20, 0x11, 0x21, 0x44, 0x22, 0x11, 0x08, 0x80, 
	0xe0, 0xe0, 0x01, 0x14, 0x91, 0x00, 0x88, 0x44, 0x22, 0x11, 0x21, 0x44, 0x22, 0x91, 0x08, 0x00, 
	0x00, 0x9f, 0x03, 0x08, 0x8e, 0x80, 0x88, 0x38, 0x1c, 0x0e, 0xc2, 0x78, 0x3c, 0x0e, 0x07, 0x80, 
	0x00, 0x00, 0x07, 0x00, 0x00, 0x00, 0x00, 0x00, 0x00, 0x00, 0x00, 0x00, 0x00, 0x00, 0x00, 0x00, 
	0x00, 0x00, 0x0e, 0x00, 0x00, 0x00, 0x00, 0x00, 0x00, 0x00, 0x00, 0x00, 0x00, 0x00, 0x00, 0x80, 
	0x00, 0x00, 0x1c, 0x00, 0x00, 0x00, 0x00, 0x00, 0x00, 0x00, 0x00, 0x00, 0x00, 0x00, 0x00, 0x00, 
	0x00, 0x00, 0x18, 0x00, 0x00, 0x00, 0x00, 0x00, 0x00, 0x00, 0x00, 0x00, 0x00, 0x00, 0x00, 0x80, 
	0x00, 0x00, 0x00, 0x00, 0x00, 0x00, 0x00, 0x00, 0x00, 0x00, 0x00, 0x00, 0x00, 0x00, 0x00, 0x00, 
	0x00, 0x00, 0x00, 0x00, 0x00, 0x00, 0x00, 0x00, 0x00, 0x00, 0x00, 0x00, 0x00, 0x00, 0x00, 0x80, 
	0x00, 0x00, 0x00, 0x00, 0x00, 0x00, 0x00, 0x00, 0x00, 0x00, 0x00, 0x00, 0x00, 0x00, 0x00, 0x00, 
	0x00, 0x7c, 0x00, 0x00, 0x00, 0x00, 0x00, 0x00, 0x00, 0x00, 0x00, 0x00, 0x00, 0x00, 0x00, 0x80, 
	0x00, 0x83, 0x01, 0x00, 0x00, 0x00, 0x00, 0x00, 0x00, 0x00, 0x00, 0x00, 0x00, 0x00, 0x00, 0x00, 
	0xc0, 0x00, 0x06, 0x00, 0x00, 0x00, 0x00, 0x00, 0x00, 0x00, 0x00, 0x00, 0x00, 0x00, 0x00, 0x80, 
	0x20, 0x18, 0x08, 0x00, 0x00, 0x00, 0x00, 0x00, 0x00, 0x00, 0x00, 0x00, 0x00, 0x00, 0x00, 0x00, 
	0x20, 0x0c, 0x08, 0x00, 0x00, 0x00, 0x00, 0x00, 0x00, 0x00, 0x00, 0x00, 0x00, 0x00, 0x00, 0x80, 
	0x10, 0x06, 0x10, 0x00, 0x00, 0x00, 0x00, 0x00, 0x00, 0x00, 0x00, 0x00, 0x00, 0x00, 0x00, 0x00, 
	0x10, 0x03, 0x10, 0x70, 0x00, 0x00, 0x00, 0x00, 0x00, 0x00, 0x00, 0x00, 0x00, 0x00, 0x00, 0x80, 
	0x88, 0x01, 0x20, 0x88, 0x08, 0x00, 0x00, 0x00, 0x00, 0x00, 0x00, 0x00, 0x00, 0x00, 0x00, 0x00, 
	0xc8, 0x00, 0x20, 0x88, 0x3c, 0x19, 0x87, 0x03, 0x00, 0x00, 0x00, 0x00, 0x00, 0x00, 0x00, 0x80, 
	0xe8, 0xff, 0x23, 0x88, 0x08, 0x85, 0x48, 0x04, 0x00, 0x00, 0x00, 0x00, 0x00, 0x00, 0x00, 0x00, 
	0xc8, 0x00, 0x20, 0x88, 0x08, 0x03, 0x48, 0x00, 0x00, 0x00, 0x00, 0x00, 0x00, 0x00, 0x00, 0x80, 
	0x88, 0x01, 0x20, 0xf8, 0x08, 0x01, 0x8f, 0x03, 0x00, 0x00, 0x00, 0x00, 0x00, 0x00, 0x00, 0x00, 
	0x10, 0x03, 0x10, 0x88, 0x08, 0x81, 0x08, 0x04, 0x00, 0x00, 0x00, 0x00, 0x00, 0x00, 0x00, 0x80, 
	0x10, 0x06, 0x10, 0x88, 0x08, 0x81, 0x48, 0x04, 0x00, 0x00, 0x00, 0x00, 0x00, 0x00, 0x00, 0x00, 
	0x20, 0x0c, 0x08, 0x88, 0x30, 0x01, 0x8f, 0x03, 0x00, 0x00, 0x00, 0x00, 0x00, 0x00, 0x00, 0x80, 
	0x20, 0x18, 0x08, 0x00, 0x00, 0x00, 0x00, 0x00, 0x00, 0x00, 0x00, 0x00, 0x00, 0x00, 0x00, 0x00, 
	0xc0, 0x00, 0x06, 0x00, 0x00, 0x00, 0x00, 0x00, 0x00, 0x00, 0x00, 0x00, 0x00, 0x00, 0x00, 0x80, 
	0x00, 0x83, 0x01, 0x00, 0x00, 0x00, 0x00, 0x00, 0x00, 0x00, 0x00, 0x00, 0x00, 0x00, 0x00, 0x00, 
	0x00, 0x7c, 0x00, 0x00, 0x00, 0x00, 0x00, 0x00, 0x00, 0x00, 0x00, 0x00, 0x00, 0x00, 0x00, 0x80};
const unsigned char Imagenes::resultados[] PROGMEM = {0x00, 0x00, 0x00, 0x00, 0x00, 0x00, 0x00, 0x00, 0x00, 0x00, 0x00, 0x00, 0x00, 0x00, 0x00, 0x00, 
	0x00, 0x00, 0x00, 0x00, 0x00, 0x00, 0x00, 0x00, 0x00, 0x00, 0x00, 0x00, 0x00, 0x00, 0x00, 0x80, 
	0x00, 0x3e, 0x00, 0x00, 0x00, 0x00, 0x00, 0x00, 0x00, 0x00, 0x00, 0x00, 0x00, 0x00, 0x00, 0x00, 
	0x80, 0xc1, 0x00, 0x00, 0x00, 0x00, 0x00, 0x00, 0x00, 0x00, 0x00, 0x00, 0x00, 0x00, 0x00, 0x80, 
	0x60, 0x3e, 0x03, 0x00, 0x00, 0x00, 0x00, 0x00, 0x00, 0x00, 0x00, 0x00, 0x00, 0x00, 0x00, 0x00, 
	0x10, 0x22, 0x04, 0x00, 0x00, 0x00, 0x00, 0x00, 0x00, 0x00, 0x00, 0x00, 0x00, 0x00, 0x00, 0x80, 
	0x10, 0x2a, 0x04, 0x00, 0x00, 0x00, 0x00, 0x00, 0x00, 0x00, 0x00, 0x00, 0x00, 0x00, 0x00, 0x00, 
	0x08, 0x2a, 0x08, 0x04, 0x01, 0x1f, 0x00, 0x00, 0x00, 0x00, 0x00, 0x00, 0x00, 0x00, 0x00, 0x80, 
	0x08, 0x2e, 0x08, 0x04, 0x01, 0x04, 0x00, 0x00, 0x00, 0x00, 0x00, 0x10, 0x00, 0x00, 0x00, 0x00, 
	0x04, 0x2a, 0x10, 0x8c, 0x01, 0x04, 0xc7, 0x8d, 0x87, 0x23, 0xe3, 0x78, 0x22, 0x19, 0x07, 0x80, 
	0x04, 0x2e, 0x10, 0x54, 0x01, 0x84, 0x48, 0x92, 0x48, 0xa4, 0x10, 0x11, 0x22, 0x85, 0x08, 0x00, 
	0x04, 0x2a, 0x10, 0x24, 0x01, 0x84, 0x48, 0x92, 0x48, 0x64, 0x00, 0x11, 0x22, 0x03, 0x08, 0x80, 
	0x04, 0x2e, 0x10, 0x04, 0x01, 0x84, 0x4f, 0x92, 0xc8, 0x27, 0xe0, 0x11, 0x22, 0x01, 0x0f, 0x00, 
	0x04, 0x2a, 0x10, 0x04, 0x01, 0x84, 0x40, 0x92, 0x48, 0x20, 0x10, 0x11, 0x22, 0x81, 0x08, 0x80, 
	0x88, 0xeb, 0x08, 0x04, 0x01, 0x84, 0x48, 0x90, 0x48, 0x24, 0x10, 0x11, 0x22, 0x81, 0x08, 0x00, 
	0x88, 0x88, 0x08, 0x04, 0x11, 0x04, 0x47, 0x90, 0x87, 0x23, 0xe0, 0x61, 0x1c, 0x01, 0x0f, 0x80, 
	0x90, 0xbe, 0x04, 0x00, 0x00, 0x00, 0x00, 0x80, 0x00, 0x00, 0x00, 0x00, 0x00, 0x00, 0x00, 0x00, 
	0x90, 0xbe, 0x04, 0x00, 0x00, 0x00, 0x00, 0x80, 0x00, 0x00, 0x00, 0x00, 0x00, 0x00, 0x00, 0x80, 
	0xe0, 0xff, 0x03, 0x00, 0x00, 0x00, 0x00, 0x00, 0x00, 0x00, 0x00, 0x00, 0x00, 0x00, 0x00, 0x00, 
	0x80, 0xc1, 0x00, 0x00, 0x00, 0x00, 0x00, 0x00, 0x00, 0x00, 0x00, 0x00, 0x00, 0x00, 0x00, 0x80, 
	0x00, 0x3e, 0x00, 0x00, 0x00, 0x00, 0x00, 0x00, 0x00, 0x00, 0x00, 0x00, 0x00, 0x00, 0x00, 0x00, 
	0x00, 0x00, 0x00, 0x00, 0x00, 0x00, 0x00, 0x00, 0x00, 0x00, 0x00, 0x00, 0x00, 0x00, 0x00, 0x80, 
	0x00, 0x00, 0x00, 0x00, 0x00, 0x00, 0x00, 0x00, 0x00, 0x00, 0x00, 0x00, 0x00, 0x00, 0x00, 0x00, 
	0xfc, 0xff, 0xff, 0xff, 0xff, 0xff, 0xff, 0xff, 0xff, 0xff, 0xff, 0xff, 0xff, 0xff, 0xff, 0x87, 
	0x02, 0x00, 0x00, 0x00, 0x00, 0x00, 0x00, 0x00, 0x00, 0x00, 0x00, 0x00, 0x00, 0x00, 0x00, 0x08, 
	0x81, 0x3f, 0x00, 0x00, 0x00, 0x00, 0x00, 0x00, 0x00, 0x00, 0x00, 0x00, 0x00, 0x00, 0x00, 0xd0, 
	0xe1, 0xc0, 0x00, 0x00, 0x00, 0x00, 0x00, 0x00, 0x00, 0x00, 0x00, 0x00, 0x00, 0x00, 0x00, 0xd0, 
	0x21, 0x9e, 0x00, 0x00, 0x00, 0x00, 0x00, 0x00, 0x00, 0x00, 0x00, 0x00, 0x00, 0x00, 0x00, 0xd0, 
	0x21, 0xbf, 0x00, 0x00, 0x00, 0x00, 0x00, 0x00, 0x00, 0x00, 0x00, 0x00, 0x00, 0x00, 0x00, 0xd0, 
	0x11, 0x33, 0x01, 0x66, 0x00, 0x00, 0x80, 0x0f, 0x00, 0x00, 0x00, 0x03, 0x00, 0x00, 0x03, 0xd0, 
	0x11, 0x30, 0x01, 0x66, 0x00, 0x00, 0x80, 0x19, 0x00, 0x00, 0x00, 0xc3, 0x00, 0x00, 0x03, 0xd0, 
	0x11, 0x3c, 0x01, 0x66, 0x3c, 0x66, 0x80, 0x19, 0x0f, 0x8f, 0x19, 0xe3, 0xe3, 0xe1, 0xe3, 0xd1, 
	0x11, 0x0c, 0x01, 0x66, 0x66, 0x76, 0x80, 0x99, 0x99, 0x99, 0x19, 0xc3, 0x30, 0x33, 0x33, 0x13, 
	0x11, 0x0c, 0x01, 0x66, 0x66, 0x0e, 0x80, 0x8f, 0x99, 0x81, 0x19, 0xc3, 0x00, 0x33, 0x33, 0x93, 
	0x21, 0x80, 0x00, 0x66, 0x7e, 0x06, 0x80, 0x87, 0x1f, 0x8f, 0x19, 0xc3, 0xe0, 0x33, 0x33, 0x13, 
	0x21, 0xcc, 0x00, 0x66, 0x06, 0x06, 0x80, 0x8d, 0x01, 0x98, 0x19, 0xc3, 0x30, 0x33, 0x33, 0x93, 
	0xe1, 0xe0, 0x01, 0x3c, 0x66, 0x06, 0x80, 0x99, 0x99, 0x99, 0x19, 0xc3, 0x30, 0x33, 0x33, 0x13, 
	0x01, 0x9f, 0x03, 0x18, 0x3c, 0x06, 0x8c, 0x19, 0x0f, 0x0f, 0x0f, 0x86, 0xe3, 0xe3, 0xe3, 0x91, 
	0x01, 0x00, 0x07, 0x00, 0x00, 0x00, 0x00, 0x00, 0x00, 0x00, 0x00, 0x00, 0x00, 0x00, 0x00, 0x10, 
	0x01, 0x00, 0x0e, 0x00, 0x00, 0x00, 0x00, 0x00, 0x00, 0x00, 0x00, 0x00, 0x00, 0x00, 0x00, 0x90, 
	0x01, 0x00, 0x1c, 0x00, 0x00, 0x00, 0x00, 0x00, 0x00, 0x00, 0x00, 0x00, 0x00, 0x00, 0x00, 0x10, 
	0x02, 0x00, 0x18, 0x00, 0x00, 0x00, 0x00, 0x00, 0x00, 0x00, 0x00, 0x00, 0x00, 0x00, 0x00, 0x88, 
	0xfc, 0xff, 0xff, 0xff, 0xff, 0xff, 0xff, 0xff, 0xff, 0xff, 0xff, 0xff, 0xff, 0xff, 0xff, 0x07, 
	0xfc, 0xff, 0xff, 0xff, 0xff, 0xff, 0xff, 0xff, 0xff, 0xff, 0xff, 0xff, 0xff, 0xff, 0xff, 0x87, 
	0x00, 0x00, 0x00, 0x00, 0x00, 0x00, 0x00, 0x00, 0x00, 0x00, 0x00, 0x00, 0x00, 0x00, 0x00, 0x00, 
	0x00, 0x7c, 0x00, 0x00, 0x00, 0x00, 0x00, 0x00, 0x00, 0x00, 0x00, 0x00, 0x00, 0x00, 0x00, 0x80, 
	0x00, 0x83, 0x01, 0x00, 0x00, 0x00, 0x00, 0x00, 0x00, 0x00, 0x00, 0x00, 0x00, 0x00, 0x00, 0x00, 
	0xc0, 0x00, 0x06, 0x00, 0x00, 0x00, 0x00, 0x00, 0x00, 0x00, 0x00, 0x00, 0x00, 0x00, 0x00, 0x80, 
	0x20, 0x18, 0x08, 0x00, 0x00, 0x00, 0x00, 0x00, 0x00, 0x00, 0x00, 0x00, 0x00, 0x00, 0x00, 0x00, 
	0x20, 0x0c, 0x08, 0x00, 0x00, 0x00, 0x00, 0x00, 0x00, 0x00, 0x00, 0x00, 0x00, 0x00, 0x00, 0x80, 
	0x10, 0x06, 0x10, 0x00, 0x00, 0x00, 0x00, 0x00, 0x00, 0x00, 0x00, 0x00, 0x00, 0x00, 0x00, 0x00, 
	0x10, 0x03, 0x10, 0x70, 0x00, 0x00, 0x00, 0x00, 0x00, 0x00, 0x00, 0x00, 0x00, 0x00, 0x00, 0x80, 
	0x88, 0x01, 0x20, 0x88, 0x08, 0x00, 0x00, 0x00, 0x00, 0x00, 0x00, 0x00, 0x00, 0x00, 0x00, 0x00, 
	0xc8, 0x00, 0x20, 0x88, 0x3c, 0x19, 0x87, 0x03, 0x00, 0x00, 0x00, 0x00, 0x00, 0x00, 0x00, 0x80, 
	0xe8, 0xff, 0x23, 0x88, 0x08, 0x85, 0x48, 0x04, 0x00, 0x00, 0x00, 0x00, 0x00, 0x00, 0x00, 0x00, 
	0xc8, 0x00, 0x20, 0x88, 0x08, 0x03, 0x48, 0x00, 0x00, 0x00, 0x00, 0x00, 0x00, 0x00, 0x00, 0x80, 
	0x88, 0x01, 0x20, 0xf8, 0x08, 0x01, 0x8f, 0x03, 0x00, 0x00, 0x00, 0x00, 0x00, 0x00, 0x00, 0x00, 
	0x10, 0x03, 0x10, 0x88, 0x08, 0x81, 0x08, 0x04, 0x00, 0x00, 0x00, 0x00, 0x00, 0x00, 0x00, 0x80, 
	0x10, 0x06, 0x10, 0x88, 0x08, 0x81, 0x48, 0x04, 0x00, 0x00, 0x00, 0x00, 0x00, 0x00, 0x00, 0x00, 
	0x20, 0x0c, 0x08, 0x88, 0x30, 0x01, 0x8f, 0x03, 0x00, 0x00, 0x00, 0x00, 0x00, 0x00, 0x00, 0x80, 
	0x20, 0x18, 0x08, 0x00, 0x00, 0x00, 0x00, 0x00, 0x00, 0x00, 0x00, 0x00, 0x00, 0x00, 0x00, 0x00, 
	0xc0, 0x00, 0x06, 0x00, 0x00, 0x00, 0x00, 0x00, 0x00, 0x00, 0x00, 0x00, 0x00, 0x00, 0x00, 0x80, 
	0x00, 0x83, 0x01, 0x00, 0x00, 0x00, 0x00, 0x00, 0x00, 0x00, 0x00, 0x00, 0x00, 0x00, 0x00, 0x00, 
	0x00, 0x7c, 0x00, 0x00, 0x00, 0x00, 0x00, 0x00, 0x00, 0x00, 0x00, 0x00, 0x00, 0x00, 0x00, 0x80};

const unsigned char Imagenes::atrasitoo[] PROGMEM = {0x00, 0x00, 0x00, 0x00, 0x00, 0x00, 0x00, 0x00, 0x00, 0x00, 0x00, 0x00, 0x00, 0x00, 0x00, 0x00, 
	0x00, 0x00, 0x00, 0x00, 0x00, 0x00, 0x00, 0x00, 0x00, 0x00, 0x00, 0x00, 0x00, 0x00, 0x00, 0x80, 
	0x00, 0x3e, 0x00, 0x00, 0x00, 0x00, 0x00, 0x00, 0x00, 0x00, 0x00, 0x00, 0x00, 0x00, 0x00, 0x00, 
	0x80, 0xc1, 0x00, 0x00, 0x00, 0x00, 0x00, 0x00, 0x00, 0x00, 0x00, 0x00, 0x00, 0x00, 0x00, 0x80, 
	0x60, 0x3e, 0x03, 0x00, 0x00, 0x00, 0x00, 0x00, 0x00, 0x00, 0x00, 0x00, 0x00, 0x00, 0x00, 0x00, 
	0x10, 0x22, 0x04, 0x00, 0x00, 0x00, 0x00, 0x00, 0x00, 0x00, 0x00, 0x00, 0x00, 0x00, 0x00, 0x80, 
	0x10, 0x2a, 0x04, 0x00, 0x00, 0x00, 0x00, 0x00, 0x00, 0x00, 0x00, 0x00, 0x00, 0x00, 0x00, 0x00, 
	0x08, 0x2a, 0x08, 0x04, 0x01, 0x1f, 0x00, 0x00, 0x00, 0x00, 0x00, 0x00, 0x00, 0x00, 0x00, 0x80, 
	0x08, 0x2e, 0x08, 0x04, 0x01, 0x04, 0x00, 0x00, 0x00, 0x00, 0x00, 0x10, 0x00, 0x00, 0x00, 0x00, 
	0x04, 0x2a, 0x10, 0x8c, 0x01, 0x04, 0xc7, 0x8d, 0x87, 0x23, 0xe3, 0x78, 0x22, 0x19, 0x07, 0x80, 
	0x04, 0x2e, 0x10, 0x54, 0x01, 0x84, 0x48, 0x92, 0x48, 0xa4, 0x10, 0x11, 0x22, 0x85, 0x08, 0x00, 
	0x04, 0x2a, 0x10, 0x24, 0x01, 0x84, 0x48, 0x92, 0x48, 0x64, 0x00, 0x11, 0x22, 0x03, 0x08, 0x80, 
	0x04, 0x2e, 0x10, 0x04, 0x01, 0x84, 0x4f, 0x92, 0xc8, 0x27, 0xe0, 0x11, 0x22, 0x01, 0x0f, 0x00, 
	0x04, 0x2a, 0x10, 0x04, 0x01, 0x84, 0x40, 0x92, 0x48, 0x20, 0x10, 0x11, 0x22, 0x81, 0x08, 0x80, 
	0x88, 0xeb, 0x08, 0x04, 0x01, 0x84, 0x48, 0x90, 0x48, 0x24, 0x10, 0x11, 0x22, 0x81, 0x08, 0x00, 
	0x88, 0x88, 0x08, 0x04, 0x11, 0x04, 0x47, 0x90, 0x87, 0x23, 0xe0, 0x61, 0x1c, 0x01, 0x0f, 0x80, 
	0x90, 0xbe, 0x04, 0x00, 0x00, 0x00, 0x00, 0x80, 0x00, 0x00, 0x00, 0x00, 0x00, 0x00, 0x00, 0x00, 
	0x90, 0xbe, 0x04, 0x00, 0x00, 0x00, 0x00, 0x80, 0x00, 0x00, 0x00, 0x00, 0x00, 0x00, 0x00, 0x80, 
	0xe0, 0xff, 0x03, 0x00, 0x00, 0x00, 0x00, 0x00, 0x00, 0x00, 0x00, 0x00, 0x00, 0x00, 0x00, 0x00, 
	0x80, 0xc1, 0x00, 0x00, 0x00, 0x00, 0x00, 0x00, 0x00, 0x00, 0x00, 0x00, 0x00, 0x00, 0x00, 0x80, 
	0x00, 0x3e, 0x00, 0x00, 0x00, 0x00, 0x00, 0x00, 0x00, 0x00, 0x00, 0x00, 0x00, 0x00, 0x00, 0x00, 
	0x00, 0x00, 0x00, 0x00, 0x00, 0x00, 0x00, 0x00, 0x00, 0x00, 0x00, 0x00, 0x00, 0x00, 0x00, 0x80, 
	0x00, 0x00, 0x00, 0x00, 0x00, 0x00, 0x00, 0x00, 0x00, 0x00, 0x00, 0x00, 0x00, 0x00, 0x00, 0x00, 
	0x00, 0x00, 0x00, 0x00, 0x00, 0x00, 0x00, 0x00, 0x00, 0x00, 0x00, 0x00, 0x00, 0x00, 0x00, 0x80, 
	0x00, 0x00, 0x00, 0x00, 0x00, 0x00, 0x00, 0x00, 0x00, 0x00, 0x00, 0x00, 0x00, 0x00, 0x00, 0x00, 
	0x80, 0x3f, 0x00, 0x00, 0x00, 0x00, 0x00, 0x00, 0x00, 0x00, 0x00, 0x00, 0x00, 0x00, 0x00, 0x80, 
	0xe0, 0xc0, 0x00, 0x00, 0x00, 0x00, 0x00, 0x00, 0x00, 0x00, 0x00, 0x00, 0x00, 0x00, 0x00, 0x00, 
	0x20, 0x9e, 0x00, 0x00, 0x00, 0x00, 0x00, 0x00, 0x00, 0x00, 0x00, 0x00, 0x00, 0x00, 0x00, 0x80, 
	0x20, 0xbf, 0x00, 0x00, 0x00, 0x00, 0x00, 0x00, 0x00, 0x00, 0x00, 0x00, 0x00, 0x00, 0x00, 0x00, 
	0x10, 0x33, 0x01, 0x22, 0x00, 0x00, 0x78, 0x00, 0x00, 0x00, 0x01, 0x00, 0x20, 0x00, 0x00, 0x80, 
	0x10, 0x30, 0x01, 0x22, 0x00, 0x00, 0x88, 0x00, 0x00, 0x00, 0x21, 0x00, 0x20, 0x00, 0x00, 0x00, 
	0x10, 0x3c, 0x01, 0x22, 0x8e, 0x0c, 0x88, 0x38, 0x1c, 0x11, 0xf1, 0x38, 0x3c, 0x0e, 0x07, 0x80, 
	0x10, 0x0c, 0x01, 0x22, 0x91, 0x02, 0x88, 0x44, 0x22, 0x11, 0x21, 0x44, 0x22, 0x91, 0x08, 0x00, 
	0x10, 0x0c, 0x01, 0x22, 0x91, 0x01, 0x78, 0x44, 0x02, 0x11, 0x21, 0x40, 0x22, 0x91, 0x00, 0x80, 
	0x20, 0x80, 0x00, 0x22, 0x9f, 0x00, 0x28, 0x7c, 0x1c, 0x11, 0x21, 0x78, 0x22, 0x11, 0x07, 0x00, 
	0x20, 0xcc, 0x00, 0x22, 0x81, 0x00, 0x48, 0x04, 0x20, 0x11, 0x21, 0x44, 0x22, 0x11, 0x08, 0x80, 
	0xe0, 0xe0, 0x01, 0x14, 0x91, 0x00, 0x88, 0x44, 0x22, 0x11, 0x21, 0x44, 0x22, 0x91, 0x08, 0x00, 
	0x00, 0x9f, 0x03, 0x08, 0x8e, 0x80, 0x88, 0x38, 0x1c, 0x0e, 0xc2, 0x78, 0x3c, 0x0e, 0x07, 0x80, 
	0x00, 0x00, 0x07, 0x00, 0x00, 0x00, 0x00, 0x00, 0x00, 0x00, 0x00, 0x00, 0x00, 0x00, 0x00, 0x00, 
	0x00, 0x00, 0x0e, 0x00, 0x00, 0x00, 0x00, 0x00, 0x00, 0x00, 0x00, 0x00, 0x00, 0x00, 0x00, 0x80, 
	0x00, 0x00, 0x1c, 0x00, 0x00, 0x00, 0x00, 0x00, 0x00, 0x00, 0x00, 0x00, 0x00, 0x00, 0x00, 0x00, 
	0x00, 0x00, 0x18, 0x00, 0x00, 0x00, 0x00, 0x00, 0x00, 0x00, 0x00, 0x00, 0x00, 0x00, 0x00, 0x80, 
	0x00, 0x00, 0x00, 0x00, 0x00, 0x00, 0x00, 0x00, 0x00, 0x00, 0x00, 0x00, 0x00, 0x00, 0x00, 0x00, 
	0xfc, 0xff, 0xff, 0xff, 0xff, 0xff, 0xff, 0xff, 0xff, 0xff, 0xff, 0xff, 0xff, 0xff, 0xff, 0x87, 
	0x02, 0x00, 0x00, 0x00, 0x00, 0x00, 0x00, 0x00, 0x00, 0x00, 0x00, 0x00, 0x00, 0x00, 0x00, 0x08, 
	0x01, 0x7c, 0x00, 0x00, 0x00, 0x00, 0x00, 0x00, 0x00, 0x00, 0x00, 0x00, 0x00, 0x00, 0x00, 0xd0, 
	0x01, 0x83, 0x01, 0x00, 0x00, 0x00, 0x00, 0x00, 0x00, 0x00, 0x00, 0x00, 0x00, 0x00, 0x00, 0xd0, 
	0xc1, 0x00, 0x06, 0x00, 0x00, 0x00, 0x00, 0x00, 0x00, 0x00, 0x00, 0x00, 0x00, 0x00, 0x00, 0xd0, 
	0x21, 0x18, 0x08, 0x00, 0x00, 0x00, 0x00, 0x00, 0x00, 0x00, 0x00, 0x00, 0x00, 0x00, 0x00, 0xd0, 
	0x21, 0x0c, 0x08, 0x00, 0x00, 0x00, 0x00, 0x00, 0x00, 0x00, 0x00, 0x00, 0x00, 0x00, 0x00, 0xd0, 
	0x11, 0x06, 0x10, 0x00, 0x00, 0x00, 0x00, 0x00, 0x00, 0x00, 0x00, 0x00, 0x00, 0x00, 0x00, 0xd0, 
	0x11, 0x03, 0x10, 0xf0, 0x00, 0x00, 0x00, 0x00, 0x00, 0x00, 0x00, 0x00, 0x00, 0x00, 0x00, 0xd0, 
	0x89, 0x01, 0x20, 0x98, 0x31, 0x00, 0x00, 0x00, 0x00, 0x00, 0x00, 0x00, 0x00, 0x00, 0x00, 0x10, 
	0xc9, 0x00, 0x20, 0x98, 0xf9, 0xcc, 0x78, 0x78, 0x00, 0x00, 0x00, 0x00, 0x00, 0x00, 0x00, 0x90, 
	0xe9, 0xff, 0x23, 0x98, 0x31, 0xec, 0xcc, 0xcc, 0x00, 0x00, 0x00, 0x00, 0x00, 0x00, 0x00, 0x10, 
	0xc9, 0x00, 0x20, 0x98, 0x31, 0x1c, 0xc0, 0x0c, 0x00, 0x00, 0x00, 0x00, 0x00, 0x00, 0x00, 0x90, 
	0x89, 0x01, 0x20, 0xf8, 0x31, 0x0c, 0xf8, 0x78, 0x00, 0x00, 0x00, 0x00, 0x00, 0x00, 0x00, 0x10, 
	0x11, 0x03, 0x10, 0x98, 0x31, 0x0c, 0xcc, 0xc0, 0x00, 0x00, 0x00, 0x00, 0x00, 0x00, 0x00, 0x90, 
	0x11, 0x06, 0x10, 0x98, 0x31, 0x0c, 0xcc, 0xcc, 0x00, 0x00, 0x00, 0x00, 0x00, 0x00, 0x00, 0x10, 
	0x21, 0x0c, 0x08, 0x98, 0xe1, 0x0c, 0xf8, 0x78, 0x00, 0x00, 0x00, 0x00, 0x00, 0x00, 0x00, 0x90, 
	0x21, 0x18, 0x08, 0x00, 0x00, 0x00, 0x00, 0x00, 0x00, 0x00, 0x00, 0x00, 0x00, 0x00, 0x00, 0x10, 
	0xc2, 0x00, 0x06, 0x00, 0x00, 0x00, 0x00, 0x00, 0x00, 0x00, 0x00, 0x00, 0x00, 0x00, 0x00, 0x88, 
	0xfc, 0xff, 0xff, 0xff, 0xff, 0xff, 0xff, 0xff, 0xff, 0xff, 0xff, 0xff, 0xff, 0xff, 0xff, 0x07, 
	0xfc, 0xff, 0xff, 0xff, 0xff, 0xff, 0xff, 0xff, 0xff, 0xff, 0xff, 0xff, 0xff, 0xff, 0xff, 0x87};
    
const uint8_t *Imagenes::obtenerImagen(const char *nombre)
{
 
    if (strcmp(nombre, "iniciar_prueba") == 0)
        return iniciar_prueba;
    if (strcmp(nombre, "agregar_inyector") == 0)
        return agregar_inyector;
    if (strcmp(nombre, "ayuda") == 0)
        return ayuda;
    if (strcmp(nombre, "modo_manual") == 0)
        return modo_manual;
    if (strcmp(nombre, "modo_automatico") == 0)
        return modo_automatico;
    if (strcmp(nombre, "atras") == 0)
        return atras;
    if (strcmp(nombre, "prueba_medir_resistencia") == 0)
        return prueba_medir_resistencia;
    if (strcmp(nombre, "prueba_fugas") == 0)
        return prueba_fugas;
    if (strcmp(nombre, "prueba_medir_clic") == 0)
        return prueba_medir_clic;
    if (strcmp(nombre, "prueba_corriente_activacion") == 0)
        return prueba_corriente_activacion;
    if (strcmp(nombre, "prueba_tiempo_respuesta") == 0)
        return prueba_tiempo_respuesta;
    if (strcmp(nombre, "prueba_flujo") == 0)
        return prueba_flujo;
    if (strcmp(nombre, "prueba_temperatura") == 0)
        return prueba_temperatura;
    if (strcmp(nombre, "resultados") == 0)
        return resultados;
    if (strcmp(nombre, "atrasitoo") == 0)
        return atrasitoo;    
    if (strcmp(nombre, "VER_CARACT") == 0)
        return VER_CARACT;
    if (strcmp(nombre, "SIGUIENTEFUNCIONAMIENTO") == 0)
        return SIGUIENTEFUNCIONAMIENTO;
    if (strcmp(nombre, "ATRASMENU") == 0)
        return ATRASMENU;
    if (strcmp(nombre, "Atrasinyectores") == 0)
        return Atrasinyectores;
    if (strcmp(nombre, "injagregados") == 0)
        return injagregados;
    if (strcmp(nombre, "injdefecto") == 0)
        return injdefecto;
    if (strcmp(nombre, "agregarborrarinyector") == 0)
        return agregarborrarinyector;
    if (strcmp(nombre, "ATRASAGREGARINYECTOR_INJ") == 0)
        return ATRASAGREGARINYECTOR_INJ;
    if (strcmp(nombre, "BORRAR_INJ") == 0)
        return BORRAR_INJ;
    if (strcmp(nombre, "AGREGAR_INJ") == 0)
        return AGREGAR_INJ;
    return nullptr; // Retorna nullptr si no se encuentra
}
#endif
